date,stock,open,high,low,close,volume
2023-01-02,BBRI,3631.2568569927494,3638.652492139374,3564.6961406731266,3601.67431640625,100200100
2023-01-03,BBRI,3572.0915431701033,3623.8609858247423,3572.0915431701033,3586.8828125,95136500
2023-01-04,BBRI,3586.8826031634894,3586.8826031634894,3527.717529296875,3527.717529296875,188071000
2023-01-05,BBRI,3512.926693620353,3520.322328764817,3379.805261020003,3431.57470703125,292142000
2023-01-06,BBRI,3365.0135202118845,3431.5742272050866,3365.0135202118845,3416.782958984375,175932000
2023-01-09,BBRI,3387.200557002315,3431.574363425926,3365.013653790509,3394.59619140625,166164900
2023-01-10,BBRI,3407.327197486068,3422.3044598926003,3302.4863606403433,3317.463623046875,282510000
2023-01-11,BBRI,3302.4861558888056,3317.4634173667596,3265.0430021939214,3280.020263671875,211610100
2023-01-12,BBRI,3354.906770833333,3384.861295572917,3302.4863525390624,3369.884033203125,210887800
2023-01-13,BBRI,3377.3726316179545,3392.3498938424245,3309.97495160784,3354.90673828125,134592100
2023-01-16,BBRI,3317.463407533359,3392.3497147011544,3309.974776816579,3384.861083984375,172170900
2023-01-17,BBRI,3384.861392372533,3429.7931807668588,3377.3727609734788,3414.81591796875,150577400
2023-01-18,BBRI,3414.8154976222827,3459.7472804857334,3414.8154976222827,3444.77001953125,178026000
2023-01-19,BBRI,3437.2812844232985,3467.2358054204515,3429.7926541740103,3452.258544921875,117204100
2023-01-20,BBRI,3467.23636015205,3497.1908859417003,3459.747728704637,3482.213623046875,116038300
2023-01-24,BBRI,3489.702082910579,3504.6793450689934,3437.281665356128,3459.74755859375,81964700
2023-01-25,BBRI,3459.747706363076,3459.747706363076,3407.327286569696,3414.81591796875,84009300
2023-01-26,BBRI,3414.815602022059,3459.7473862591914,3407.32697131587,3437.281494140625,113840400
2023-01-27,BBRI,3444.7703289163524,3504.679378114897,3444.7703289163524,3474.724853515625,178282600
2023-01-30,BBRI,3482.213065919028,3504.6789566668926,3422.304023924722,3452.258544921875,185972400
2023-01-31,BBRI,3452.2591072982054,3459.747738767399,3422.3045814214315,3429.793212890625,280039200
2023-02-01,BBRI,3467.236286913228,3512.1680746486045,3459.7476556239985,3504.679443359375,181849300
2023-02-02,BBRI,3482.213171917459,3504.6790633491846,3444.77001953125,3444.77001953125,145413400
2023-02-03,BBRI,3482.213540810033,3579.5657473273027,3467.2362782689147,3557.099853515625,198479900
2023-02-06,BBRI,3579.5653616989716,3602.031253090388,3504.679057060918,3549.61083984375,141366300
2023-02-07,BBRI,3549.6112222450656,3587.054378597862,3534.6339597039473,3557.099853515625,140923100
2023-02-08,BBRI,3527.1451520501696,3587.05419921875,3527.1451520501696,3587.05419921875,168599500
2023-02-09,BBRI,3587.053989085239,3624.4971413721414,3572.076728170478,3602.03125,177400700
2023-02-10,BBRI,3624.4968613361625,3654.4513808513375,3572.0764521846068,3639.47412109375,181146600
2023-02-13,BBRI,3669.429280598958,3669.429280598958,3594.54296875,3594.54296875,144569400
2023-02-14,BBRI,3609.520464699371,3646.963623046875,3602.0318330298705,3646.963623046875,120995200
2023-02-15,BBRI,3661.9408863858766,3661.9408863858766,3602.0318330298705,3646.963623046875,84568100
2023-02-16,BBRI,3661.9408863858766,3661.9408863858766,3631.986359707874,3646.963623046875,69966200
2023-02-17,BBRI,3661.9402906073897,3661.9402906073897,3617.0085079005503,3654.45166015625,104019300
2023-02-20,BBRI,3669.4289210585293,3669.4289210585293,3624.4971383516904,3654.45166015625,88432500
2023-02-21,BBRI,3654.4520511864625,3654.4520511864625,3609.520263671875,3609.520263671875,59319100
2023-02-22,BBRI,3587.054272050617,3602.0315341468618,3542.1224857618827,3564.58837890625,107327900
2023-02-23,BBRI,3602.031599934896,3602.031599934896,3542.122550455729,3594.54296875,139144500
2023-02-24,BBRI,3594.5429030987393,3624.497427291229,3564.58837890625,3564.58837890625,46409300
2023-02-27,BBRI,3579.5653586278586,3602.03125,3564.588097713098,3602.03125,89918800
2023-02-28,BBRI,3564.5881039213064,3587.053995332575,3497.1904296875,3497.1904296875,273125500
2023-03-01,BBRI,3542.1224199715307,3557.099681789592,3519.6565272444386,3534.6337890625,115578600
2023-03-02,BBRI,3557.099295261016,3579.565185546875,3534.6334049751567,3579.565185546875,59377900
2023-03-03,BBRI,3594.5429030987393,3594.5429030987393,3542.1224857618827,3564.58837890625,84777000
2023-03-06,BBRI,3587.05419921875,3594.542830114822,3579.5655683226773,3587.05419921875,78292000
2023-03-07,BBRI,3572.0764175288937,3631.9854559780156,3572.0764175288937,3624.496826171875,111953700
2023-03-08,BBRI,3631.9854559780156,3631.9854559780156,3609.5195665595948,3624.496826171875,125766100
2023-03-09,BBRI,3639.474402286902,3646.963032744283,3602.03125,3602.03125,79549800
2023-03-10,BBRI,3609.520263671875,3617.0088949243063,3594.5430011670123,3609.520263671875,125140500
2023-03-13,BBRI,3602.0315269959888,3646.963313195523,3572.077002862966,3617.0087890625,106769300
2023-03-14,BBRI,3572.0770504702427,3587.0543127363653,3512.1680014057524,3527.145263671875,192444400
2023-03-15,BBRI,3564.588526429521,3572.077157787566,3519.65673828125,3519.65673828125,107761200
2023-03-16,BBRI,3519.656664987447,3557.099820997952,3474.7248777748414,3542.12255859375,155984500
2023-03-17,BBRI,3572.0769959741706,3669.4291992187495,3557.099733936543,3669.42919921875,267753300
2023-03-20,BBRI,3624.4971383516904,3654.4516601562495,3609.5198774494106,3654.45166015625,113829400
2023-03-21,BBRI,3646.9633061623085,3684.4064612563775,3624.497413105867,3669.42919921875,214639300
2023-03-24,BBRI,3733.2653629454926,3788.2819051362685,3709.6868448637315,3748.984375,266103900
2023-03-27,BBRI,3733.265267545161,3764.7032908508045,3709.686750065928,3725.40576171875,144925200
2023-03-28,BBRI,3725.405856918239,3756.8438810272537,3725.405856918239,3748.984375,105217100
2023-03-29,BBRI,3772.562613695426,3788.281624585824,3748.98409735983,3780.422119140625,141800500
2023-03-30,BBRI,3780.422170024671,3780.422170024671,3725.4056311677627,3733.26513671875,98847200
2023-03-31,BBRI,3717.5458984375,3733.2649085788844,3701.826888296115,3717.5458984375,161561800
2023-04-03,BBRI,3748.983984375,3772.5625000000005,3741.124479166667,3772.5625,133511700
2023-04-04,BBRI,3772.562483791494,3788.281494140625,3741.1244630932315,3788.281494140625,88097800
2023-04-05,BBRI,3780.421859330519,3835.4383936658905,3772.562354425466,3796.140869140625,119316500
2023-04-06,BBRI,3819.7197437128743,3819.7197437128743,3788.281721130875,3804.000732421875,88012300
2023-04-10,BBRI,3819.7197265625,3819.7197265625,3788.2817041216563,3819.7197265625,58886800
2023-04-11,BBRI,3819.7199526927507,3843.298470919249,3796.141434466252,3835.43896484375,67275600
2023-04-12,BBRI,3890.4548493360167,3890.4548493360167,3843.2978208592162,3874.73583984375,194839900
2023-04-13,BBRI,3890.455175192959,3929.7527022151103,3874.7361643840986,3914.03369140625,141279800
2023-04-14,BBRI,3969.0504541256155,4008.347983374384,3929.752924876847,3988.69921875,190097200
2023-04-17,BBRI,3988.698860122589,3988.698860122589,3898.314550976954,3921.89306640625,121231300
2023-04-18,BBRI,3921.8935911852905,3949.4018628669505,3890.45556640625,3890.45556640625,95747700
2023-04-26,BBRI,4047.6456827192164,4047.6456827192164,3874.7365467583954,3949.40185546875,273336000
2023-04-27,BBRI,3921.892941254551,4047.64501953125,3921.892941254551,4047.64501953125,125947200
2023-04-28,BBRI,4067.294440774357,4145.889502431833,4008.3481445312505,4008.34814453125,251912000
2023-05-02,BBRI,4067.293781761984,4067.293781761984,3969.0499706083133,4047.64501953125,84246100
2023-05-03,BBRI,4106.591971603095,4106.591971603095,3969.0506137025127,4008.34814453125,183524700
2023-05-04,BBRI,4047.64501953125,4067.293781761984,3988.6987328390474,4047.64501953125,140482000
2023-05-05,BBRI,4106.591796875,4126.240561453349,4027.996738561603,4106.591796875,182599600
2023-05-08,BBRI,4126.240737017463,4126.240737017463,3969.0506137025127,4008.34814453125,107804200
2023-05-09,BBRI,3969.0502905868902,4027.99658203125,3949.401526772104,4027.99658203125,102987300
2023-05-10,BBRI,3988.6987328390474,4047.64501953125,3969.0499706083133,4047.64501953125,108369600
2023-05-11,BBRI,4067.293781761984,4067.293781761984,4008.3474950697814,4047.64501953125,85618800
2023-05-12,BBRI,4008.3474950697814,4067.293781761984,4008.3474950697814,4047.64501953125,92625800
2023-05-15,BBRI,4047.64501953125,4067.293781761984,3949.4012083775788,4047.64501953125,163732600
2023-05-16,BBRI,4067.2941072904146,4086.94287109375,4008.3478158804087,4086.94287109375,73611200
2023-05-17,BBRI,4126.240398700421,4126.240398700421,4067.2941072904146,4086.94287109375,115834500
2023-05-19,BBRI,4106.591471354167,4283.430338541667,4086.9427083333335,4244.1328125,185672200
2023-05-22,BBRI,4165.5379194268435,4322.728029593894,4165.5379194268435,4263.78173828125,162655900
2023-05-23,BBRI,4303.079263583097,4401.323082386363,4303.079263583097,4322.72802734375,255251600
2023-05-24,BBRI,4342.376948765346,4401.3232421875,4283.430655343192,4401.3232421875,187436100
2023-05-25,BBRI,4322.727864583334,4381.674153645834,4283.430338541667,4303.0791015625,224391900
2023-05-26,BBRI,4263.781890869141,4401.3232421875,4263.781890869141,4401.3232421875,154003100
2023-05-29,BBRI,4401.323409346846,4420.972174567145,4303.079583245354,4362.02587890625,125049100
2023-05-30,BBRI,4322.72802734375,4401.323082386363,4322.72802734375,4322.72802734375,67363200
2023-05-31,BBRI,4381.6748046875,4381.6748046875,4224.484677165078,4381.6748046875,898453700
2023-06-05,BBRI,4401.3230846774195,4401.3230846774195,4263.78173828125,4263.78173828125,255472600
2023-06-06,BBRI,4244.1331350344035,4322.7281930905965,4204.835606006307,4283.4306640625,92019300
2023-06-07,BBRI,4303.0791015625,4303.0791015625,4204.835286458334,4244.1328125,150377000
2023-06-08,BBRI,4224.484049479167,4303.0791015625,4204.835286458334,4303.0791015625,92794100
2023-06-09,BBRI,4263.78173828125,4283.4305020521315,4224.484210739487,4263.78173828125,77251000
2023-06-12,BBRI,4244.1328125,4244.1328125,4224.484049479167,4244.1328125,92314200
2023-06-13,BBRI,4244.133287584459,4362.02587890625,4244.133287584459,4362.02587890625,108831400
2023-06-14,BBRI,4381.674644126549,4381.674644126549,4303.079583245354,4362.02587890625,79137600
2023-06-15,BBRI,4303.079907999859,4342.37744140625,4283.431141296664,4342.37744140625,74388400
2023-06-16,BBRI,4303.079583245354,4362.02587890625,4244.133287584459,4362.02587890625,189062600
2023-06-19,BBRI,4322.728674703055,4342.37744140625,4283.431141296664,4342.37744140625,55144200
2023-06-20,BBRI,4303.079583245354,4362.02587890625,4303.079583245354,4362.02587890625,102926800
2023-06-21,BBRI,4322.7285068665915,4381.6748046875,4322.7285068665915,4381.6748046875,84605400
2023-06-22,BBRI,4362.025390625,4401.322916666667,4303.0791015625,4303.0791015625,94143200
2023-06-23,BBRI,4263.781575520834,4303.0791015625,4244.1328125,4244.1328125,123350300
2023-06-26,BBRI,4263.781899548451,4303.079428576548,4224.484370520356,4283.4306640625,85472100
2023-06-27,BBRI,4283.4305020521315,4322.728029593894,4263.78173828125,4263.78173828125,110716500
2023-07-03,BBRI,4322.727864583334,4362.025390625,4283.430338541667,4303.0791015625,168559800
2023-07-04,BBRI,4322.7281930905965,4322.7281930905965,4263.781899548451,4283.4306640625,94462600
2023-07-05,BBRI,4244.1331350344035,4283.4306640625,4244.1331350344035,4283.4306640625,109632800
2023-07-06,BBRI,4283.4305020521315,4303.079265823013,4244.1329745103685,4263.78173828125,109446200
2023-07-07,BBRI,4244.133139534883,4263.781904069767,4224.484375,4224.484375,114043800
2023-07-10,BBRI,4263.781575520834,4322.727864583334,4244.1328125,4244.1328125,78972100
2023-07-11,BBRI,4224.484210739487,4283.4305020521315,4224.484210739487,4263.78173828125,122094700
2023-07-12,BBRI,4283.4306640625,4303.079428576548,4263.781899548451,4283.4306640625,104993700
2023-07-13,BBRI,4263.781899548451,4303.079428576548,4263.781899548451,4283.4306640625,134905700
2023-07-14,BBRI,4283.431141296664,4342.37744140625,4263.7823745934675,4342.37744140625,127814200
2023-07-17,BBRI,4362.026038747197,4420.972336568105,4342.377272806894,4381.6748046875,166951300
2023-07-18,BBRI,4420.97216796875,4479.918463541667,4401.323402777778,4420.97216796875,120810300
2023-07-20,BBRI,4381.674637586806,4440.620933159722,4362.025872395833,4420.97216796875,111117300
2023-07-21,BBRI,4401.323402777778,4420.97216796875,4381.674637586806,4420.97216796875,63094600
2023-07-24,BBRI,4401.3232421875,4440.620771135603,4401.3232421875,4401.3232421875,62962500
2023-07-25,BBRI,4420.971841727738,4479.918132950775,4420.971841727738,4440.62060546875,111248100
2023-07-26,BBRI,4479.9178052725765,4479.9178052725765,4440.620280664923,4460.26904296875,76200300
2023-07-27,BBRI,4460.269369209762,4519.215660432798,4440.62060546875,4440.62060546875,109859200
2023-07-28,BBRI,4420.9716796875,4479.91796875,4420.9716796875,4479.91796875,74036700
2023-07-31,BBRI,4479.918132950775,4479.918132950775,4440.62060546875,4440.62060546875,186727400
2023-08-01,BBRI,4440.620442708334,4519.215494791667,4440.620442708334,4479.91796875,100137500
2023-08-02,BBRI,4440.620442708334,4499.566731770834,4440.620442708334,4479.91796875,90611300
2023-08-03,BBRI,4460.269205729167,4519.215494791667,4440.620442708334,4479.91796875,82775000
2023-08-04,BBRI,4479.918634389013,4499.567400329316,4381.6748046875,4381.6748046875,150738500
2023-08-07,BBRI,4401.322916666667,4499.566731770834,4381.674153645834,4479.91796875,88104900
2023-08-08,BBRI,4479.918463541667,4519.215993923612,4401.323402777778,4420.97216796875,89189600
2023-08-09,BBRI,4440.620442708334,4499.566731770834,4420.9716796875,4479.91796875,91930000
2023-08-10,BBRI,4460.269205729167,4499.566731770834,4460.269205729167,4479.91796875,85474200
2023-08-11,BBRI,4460.269369209762,4479.918132950775,4440.62060546875,4440.62060546875,74321000
2023-08-14,BBRI,4440.62060546875,4460.269369209762,4381.6743142457135,4440.62060546875,127358400
2023-08-15,BBRI,4440.621102508408,4460.26986844871,4381.6748046875,4381.6748046875,89597300
2023-08-16,BBRI,4362.026208109446,4381.674974812641,4283.431141296664,4342.37744140625,188191900
2023-08-18,BBRI,4322.7285068665915,4401.323570627803,4322.7285068665915,4381.6748046875,121561200
2023-08-21,BBRI,4362.025554865057,4381.67431862571,4322.72802734375,4322.72802734375,91640000
2023-08-22,BBRI,4322.7285068665915,4420.972336568105,4322.7285068665915,4381.6748046875,101221500
2023-08-23,BBRI,4401.3232421875,4420.972006661551,4381.674477713448,4401.3232421875,78686900
2023-08-24,BBRI,4420.972174567145,4420.972174567145,4362.02587890625,4362.02587890625,74407500
2023-08-25,BBRI,4362.025713239397,4401.3232421875,4342.376948765346,4401.3232421875,65096500
2023-08-28,BBRI,4401.323409346846,4420.972174567145,4362.02587890625,4362.02587890625,37126600
2023-08-29,BBRI,4342.376948765346,4401.3232421875,4342.376948765346,4401.3232421875,57547200
2023-08-30,BBRI,4401.323741515837,4401.323741515837,4322.728674703055,4342.37744140625,171282700
2023-08-31,BBRI,4342.377113685951,4362.02587890625,4303.079583245354,4362.02587890625,175088200
2023-09-01,BBRI,4401.323570627803,4401.323570627803,4342.377272806894,4381.6748046875,87366100
2023-09-04,BBRI,4401.323402777778,4420.97216796875,4381.674637586806,4420.97216796875,43898200
2023-09-05,BBRI,4420.97216796875,4440.620933159722,4401.323402777778,4420.97216796875,72464300
2023-09-06,BBRI,4420.972336568105,4440.621102508408,4381.6748046875,4381.6748046875,106367800
2023-09-07,BBRI,4342.376957604644,4362.025722118692,4283.4306640625,4283.4306640625,157998600
2023-09-08,BBRI,4263.7817405629385,4283.430504344334,4165.537921655958,4204.83544921875,243324500
2023-09-11,BBRI,4204.8354469686055,4263.78173828125,4165.5379194268435,4263.78173828125,80474100
2023-09-12,BBRI,4283.430668604651,4303.079433139535,4224.484375,4224.484375,121654400
2023-09-13,BBRI,4204.835286458334,4263.781575520834,4204.835286458334,4244.1328125,59408000
2023-09-14,BBRI,4185.186683197725,4263.78173828125,4185.186683197725,4263.78173828125,76831700
2023-09-15,BBRI,4244.133139534883,4283.430668604651,4224.484375,4224.484375,141455400
2023-09-18,BBRI,4204.8357770319835,4244.133307658451,4165.5382464055165,4185.18701171875,61329000
2023-09-19,BBRI,4185.186845930232,4224.484375,4165.538081395349,4224.484375,50612700
2023-09-20,BBRI,4204.835610465116,4283.430668604651,4204.835610465116,4224.484375,98710100
2023-09-21,BBRI,4263.7817405629385,4263.7817405629385,4204.83544921875,4204.83544921875,68584900
2023-09-22,BBRI,4204.83544921875,4263.7817405629385,4204.83544921875,4204.83544921875,83184100
2023-09-25,BBRI,4185.186850493809,4204.835615050118,4086.943027712264,4165.5380859375,120196700
2023-09-26,BBRI,4126.240398700421,4145.889162503756,4086.94287109375,4086.94287109375,180280600
2023-09-27,BBRI,4067.2942677183014,4165.538090610047,4067.2942677183014,4106.591796875,119774700
2023-09-29,BBRI,4165.538090610047,4185.186855188397,4106.591796875,4106.591796875,140331100
2023-10-02,BBRI,4126.2412109375,4165.538746279762,4126.2412109375,4126.2412109375,81674600
2023-10-03,BBRI,4126.240882331162,4165.538414543839,4126.240882331162,4145.8896484375,54462700
2023-10-04,BBRI,4126.2412109375,4145.88997860863,4086.943675595238,4126.2412109375,121445000
2023-10-05,BBRI,4126.240234375,4145.888997395834,4067.2939453125005,4067.2939453125,116814800
2023-10-06,BBRI,4086.9427083333335,4126.240234375,4067.2939453125005,4067.2939453125,70202300
2023-10-09,BBRI,4086.9428734756098,4106.591637290397,4027.99658203125,4027.99658203125,144477000
2023-10-10,BBRI,4027.9964192708335,4126.240234375,4027.9964192708335,4067.2939453125,98457000
2023-10-11,BBRI,4047.646140252976,4145.88997860863,4047.646140252976,4126.2412109375,100394800
2023-10-12,BBRI,4165.5380859375,4224.484379606427,4145.889321381191,4165.5380859375,174022400
2023-10-13,BBRI,4145.8896484375,4185.187180650178,4126.240882331162,4145.8896484375,84648800
2023-10-16,BBRI,4185.187513950893,4185.187513950893,4126.2412109375,4126.2412109375,45782300
2023-10-17,BBRI,4126.240068454187,4145.888830684921,4047.64501953125,4047.64501953125,127287200
2023-10-18,BBRI,4027.996257300516,4106.591306223453,4027.996257300516,4047.64501953125,77217600
2023-10-19,BBRI,4008.347490234375,4047.6450146484376,3929.75244140625,3929.75244140625,195831400
2023-10-20,BBRI,3914.0342357673267,4008.3483137376234,3898.315222772277,3969.05078125,173353600
2023-10-23,BBRI,3929.75244140625,3988.698728027344,3921.8929365234376,3929.75244140625,82756100
2023-10-24,BBRI,3929.753082873775,4008.3481445312505,3890.455552045037,4008.34814453125,104021500
2023-10-25,BBRI,4008.3476562500005,4086.9427083333335,4008.3476562500005,4067.2939453125,142215000
2023-10-26,BBRI,4067.294099389053,4067.294099389053,3866.876708984375,3866.876708984375,330618800
2023-10-27,BBRI,3890.4549169921875,3969.0499658203125,3882.595412109375,3929.75244140625,129599800
2023-10-30,BBRI,3914.033431640625,3949.4012036132813,3906.1739267578128,3929.75244140625,108523700
2023-10-31,BBRI,3914.033708141696,3929.752719017767,3898.314697265625,3898.314697265625,106760300
2023-11-01,BBRI,3866.8764132861024,3898.314432906315,3796.140869140625,3796.140869140625,191567200
2023-11-02,BBRI,3882.595412109375,3988.698728027344,3859.016897460938,3929.75244140625,208075400
2023-11-03,BBRI,3949.401848288144,4067.294440774357,3949.401848288144,4008.34814453125,125504000
2023-11-06,BBRI,4008.3478158804087,4086.94287109375,4008.3478158804087,4086.94287109375,122333800
2023-11-07,BBRI,4106.592443266369,4145.88997860863,4067.294907924107,4126.2412109375,137039400
2023-11-08,BBRI,4086.9430322966505,4126.240561453349,4067.2942677183014,4106.591796875,86713700
2023-11-09,BBRI,4106.591634897085,4145.889162503756,4086.94287109375,4086.94287109375,66236400
2023-11-10,BBRI,4047.6455126231526,4047.6455126231526,3969.0504541256155,3988.69921875,113811900
2023-11-13,BBRI,3988.6993863689368,4027.996917269123,3949.40185546875,3949.40185546875,63126900
2023-11-14,BBRI,3988.6992187499995,4027.996747998768,3969.0504541256155,3988.69921875,85419500
2023-11-15,BBRI,4086.943675595238,4165.538746279762,4067.294907924107,4126.2412109375,193790400
2023-11-16,BBRI,4145.88997860863,4145.88997860863,4067.294907924107,4126.2412109375,99488800
2023-11-17,BBRI,4067.2942677183014,4126.240561453349,4067.2942677183014,4106.591796875,70727500
2023-11-20,BBRI,4067.294907924107,4145.88997860863,4067.294907924107,4126.2412109375,54123600
2023-11-21,BBRI,4106.591634897085,4126.240398700421,4067.2941072904146,4086.94287109375,104110500
2023-11-22,BBRI,4067.2945840121447,4165.538414543839,4067.2945840121447,4145.8896484375,103585500
2023-11-23,BBRI,4185.186685437354,4244.132976781542,4165.537921655958,4204.83544921875,174572400
2023-11-24,BBRI,4244.1328125,4283.430338541667,4224.484049479167,4244.1328125,92571400
2023-11-27,BBRI,4263.7817405629385,4283.430504344334,4204.83544921875,4204.83544921875,76019100
2023-11-28,BBRI,4185.186685437354,4263.7817405629385,4185.186685437354,4204.83544921875,147993400
2023-11-29,BBRI,4204.835615050118,4224.484379606427,4165.5380859375,4165.5380859375,106197800
2023-11-30,BBRI,4224.484712862855,4224.484712862855,4145.8896484375,4145.8896484375,224426400
2023-12-01,BBRI,4145.8891578745615,4224.484213000146,4145.8891578745615,4204.83544921875,99499500
2023-12-04,BBRI,4283.430499822443,4381.67431862571,4283.430499822443,4322.72802734375,235595700
2023-12-05,BBRI,4263.781899548451,4322.7281930905965,4263.781899548451,4283.4306640625,114689900
2023-12-06,BBRI,4263.78173828125,4283.4305020521315,4244.1329745103685,4263.78173828125,119716700
2023-12-07,BBRI,4244.1328125,4303.0791015625,4244.1328125,4303.0791015625,102126600
2023-12-08,BBRI,4263.781904069767,4283.430668604651,4224.484375,4224.484375,130542600
2023-12-11,BBRI,4185.186850493809,4224.484379606427,4165.5380859375,4165.5380859375,124468600
2023-12-12,BBRI,4224.484542345217,4244.133307658451,4185.18701171875,4185.18701171875,134501600
2023-12-13,BBRI,4165.5380859375,4204.835615050118,4145.889321381191,4165.5380859375,98881600
2023-12-14,BBRI,4283.430818025056,4362.02587890625,4263.782052804758,4362.02587890625,239261700
2023-12-15,BBRI,4381.674644126549,4401.323409346846,4362.02587890625,4362.02587890625,252448800
2023-12-18,BBRI,4381.67431862571,4381.67431862571,4322.72802734375,4322.72802734375,102780900
2023-12-19,BBRI,4283.430818025056,4362.02587890625,4283.430818025056,4362.02587890625,135207300
2023-12-20,BBRI,4479.91847022804,4479.91847022804,4362.02587890625,4362.02587890625,138470900
2023-12-21,BBRI,4362.026038747197,4401.323570627803,4342.377272806894,4381.6748046875,99049600
2023-12-22,BBRI,4440.620280664923,4479.9178052725765,4401.322756057269,4460.26904296875,109411300
2023-12-27,BBRI,4479.918463541667,4499.567228732639,4420.97216796875,4420.97216796875,122236700
2023-12-28,BBRI,4479.91861694869,4519.21614867631,4460.26985108488,4499.5673828125,121434600
2023-12-29,BBRI,4519.21614867631,4519.21614867631,4460.26985108488,4499.5673828125,93126000
2024-01-02,BBRI,4506.746145374449,4526.6875,4486.804790748899,4526.6875,91143100
2024-01-03,BBRI,4486.804635184152,4506.745989118303,4466.86328125,4466.86328125,83659700
2024-01-04,BBRI,4466.863007127193,4546.62841796875,4446.921654416804,4546.62841796875,92683500
2024-01-05,BBRI,4566.570363451087,4666.277139945652,4546.629008152174,4586.51171875,134929600
2024-01-08,BBRI,4586.511458333333,4626.394166666667,4486.8046875,4486.8046875,152015000
2024-01-09,BBRI,4486.8043598375825,4546.62841796875,4486.8043598375825,4546.62841796875,105666200
2024-01-10,BBRI,4486.8043598375825,4546.62841796875,4486.8043598375825,4546.62841796875,82626400
2024-01-11,BBRI,4586.51171875,4626.394429347826,4546.629008152174,4586.51171875,116804400
2024-01-12,BBRI,4626.394147302351,4666.27685546875,4606.45279321915,4666.27685546875,109715700
2024-01-15,BBRI,4666.276803078058,4706.159510796674,4606.452741500134,4646.33544921875,115126700
2024-01-16,BBRI,4646.33544921875,4686.218156937366,4606.452741500134,4646.33544921875,97074300
2024-01-17,BBRI,4646.335343530168,4646.335343530168,4586.5112833130415,4606.45263671875,107941600
2024-01-18,BBRI,4626.394429347826,4626.394429347826,4546.629008152174,4586.51171875,87259100
2024-01-19,BBRI,4586.51085162985,4626.3935546875,4546.628148572198,4626.3935546875,75370700
2024-01-22,BBRI,4606.45263671875,4626.393990124459,4546.628576501624,4606.45263671875,97545600
2024-01-23,BBRI,4546.62841796875,4586.511123389529,4506.745712547971,4546.62841796875,122999700
2024-01-24,BBRI,4526.687448147124,4546.628802544248,4446.922030558629,4506.74609375,104225000
2024-01-25,BBRI,4446.922261648048,4506.746327948246,4407.03955078125,4407.03955078125,120478800
2024-01-26,BBRI,4347.215280277937,4367.156634774626,4307.332571284563,4327.27392578125,185244400
2024-01-29,BBRI,4307.332872057174,4446.92236328125,4307.332872057174,4446.92236328125,145629600
2024-01-30,BBRI,4407.039270833333,4506.746041666666,4367.1565625,4486.8046875,150513700
2024-01-31,BBRI,4566.569770679139,4606.4524760999175,4526.68706525836,4546.62841796875,245117200
2024-02-01,BBRI,4606.453074048914,4626.394429347826,4566.570363451087,4586.51171875,156633900
2024-02-02,BBRI,4626.394147302351,4666.27685546875,4586.511439135951,4666.27685546875,177209700
2024-02-05,BBRI,4626.393990124459,4646.335343530168,4586.5112833130415,4606.45263671875,113760000
2024-02-06,BBRI,4706.159510796674,4706.159510796674,4626.394095359442,4646.33544921875,126704300
2024-02-07,BBRI,4666.27685546875,4706.159563635149,4646.33550138555,4666.27685546875,147005300
2024-02-12,BBRI,4686.218089503372,4805.8662109375,4666.276735931016,4805.8662109375,171514600
2024-02-13,BBRI,4825.807511393229,4825.807511393229,4746.042097981771,4785.9248046875,145852200
2024-02-15,BBRI,5005.279962531888,5005.279962531888,4865.690481505102,4885.6318359375,308685100
2024-02-16,BBRI,4905.57275390625,4945.45545922256,4885.631401248094,4905.57275390625,130814400
2024-02-19,BBRI,4885.631293625129,4925.513998062885,4845.748589187372,4865.68994140625,111382900
2024-02-20,BBRI,4925.514421735492,5025.22119140625,4925.514421735492,5025.22119140625,160872600
2024-02-21,BBRI,5045.162545340402,5085.045253208706,4965.397129603795,5025.22119140625,168423000
2024-02-22,BBRI,4985.33837890625,5025.2210859375,4965.397025390625,4985.33837890625,100256000
2024-02-23,BBRI,4885.6318359375,4925.514544802296,4825.807772640306,4885.6318359375,148643000
2024-02-26,BBRI,4865.691066232287,4945.456493547571,4845.749709403466,4925.51513671875,98920800
2024-02-27,BBRI,4885.6318359375,4945.455899234694,4885.6318359375,4885.6318359375,99187500
2024-02-28,BBRI,4865.690684613454,4965.3974609375,4865.690684613454,4965.3974609375,97236700
2024-02-29,BBRI,4905.573190369898,4945.455899234694,4885.6318359375,4885.6318359375,173774600
2024-03-01,BBRI,4925.514544802296,4925.514544802296,4845.749127072704,4885.6318359375,76286400
2024-03-04,BBRI,4885.631678557593,4885.631678557593,4825.8076171875,4825.8076171875,70354900
2024-03-05,BBRI,4865.690481505102,4925.514544802296,4845.749127072704,4885.6318359375,115084600
2024-03-06,BBRI,4865.690634450604,4945.4560546875,4865.690634450604,4945.4560546875,84108800
2024-03-07,BBRI,4945.456105672691,5005.280171467119,4945.456105672691,4965.3974609375,117724700
2024-03-08,BBRI,5005.279458353839,5104.986220472441,4985.338105930118,5065.103515625,163060000
2024-03-13,BBRI,5065.103622436523,5144.869033813477,5065.103622436523,5104.986328125,195173100
2024-03-14,BBRI,5113.266915174034,5133.9684006605685,5009.759487741361,5092.5654296875,271254000
2024-03-15,BBRI,4968.357250261506,5030.461715889775,4926.954273175994,4947.65576171875,305995800
2024-03-18,BBRI,4968.3564453125,5051.162386067708,4947.6549601236975,4968.3564453125,110564700
2024-03-19,BBRI,4968.3564453125,5009.759415690104,4947.6549601236975,4968.3564453125,114338600
2024-03-20,BBRI,4968.356173155738,5051.162109375,4968.356173155738,5051.162109375,120885400
2024-03-21,BBRI,5113.266561539447,5133.968045594263,5051.162109375,5051.162109375,136020000
2024-03-22,BBRI,5009.7597975127555,5071.8642578125,5009.7597975127555,5071.8642578125,46529200
2024-03-25,BBRI,5175.37158203125,5175.37158203125,5071.864150390625,5175.37158203125,115729600
2024-03-26,BBRI,5216.7744140625,5216.7744140625,5133.968470982143,5216.7744140625,120748400
2024-03-27,BBRI,5216.774554687499,5237.476041015625,5154.670095703124,5175.37158203125,73308900
2024-03-28,BBRI,5051.162246577996,5133.968185046488,4989.057792726627,5009.75927734375,288926900
2024-04-01,BBRI,4968.356902689874,4989.058389784414,4823.446493028086,4906.25244140625,217207800
2024-04-02,BBRI,4844.147706153634,4926.953649848569,4657.834332840033,4699.2373046875,412180900
2024-04-03,BBRI,4616.431499565972,4699.237445746528,4575.028526475695,4657.83447265625,333518700
2024-04-04,BBRI,4678.535507469846,4761.341445655154,4678.535507469846,4719.9384765625,131936100
2024-04-05,BBRI,4657.834645499171,4719.93910743916,4657.834645499171,4678.5361328125,178817800
2024-04-16,BBRI,4450.819650810456,4616.431544794101,4430.1181640625,4430.1181640625,600717500
2024-04-17,BBRI,4533.625743937942,4554.327231353184,4388.71533203125,4388.71533203125,244002000
2024-04-18,BBRI,4388.715084546233,4554.326974529109,4388.715084546233,4533.62548828125,247410700
2024-04-19,BBRI,4430.118131664692,4450.8196182612555,4347.312185278436,4368.013671875,258211500
2024-04-22,BBRI,4305.909382370283,4409.416819446492,4264.5064075397995,4388.71533203125,342282800
2024-04-23,BBRI,4430.118306861734,4471.521281692217,4326.610869785525,4388.71533203125,281403100
2024-04-24,BBRI,4347.311836498206,4430.117776241029,4264.505896755382,4326.6103515625,471241400
2024-04-25,BBRI,4243.804374620752,4305.9088288834955,4181.69992035801,4264.505859375,479170900
2024-04-26,BBRI,4181.70068713202,4223.103664232337,3999.527587890625,3999.527587890625,782589900
2024-04-29,BBRI,3891.8793453960297,4049.210638082252,3875.3181566922167,3949.843505859375,700644800
2024-04-30,BBRI,4016.0886571474884,4181.700560535014,3991.2468716393596,4090.614013671875,565609200
2024-05-02,BBRI,4065.7719059791884,4074.0525004923848,3891.879421202075,3941.56298828125,636922100
2024-05-03,BBRI,3941.562820723684,3999.5269798519735,3900.159849917763,3933.2822265625,321697200
2024-05-06,BBRI,3974.685135046973,4007.8075111723642,3916.720976827538,3966.404541015625,262707400
2024-05-07,BBRI,3949.843541931544,3958.124136359074,3867.03759765625,3867.03759765625,304013600
2024-05-08,BBRI,3850.47608986879,3925.0014335436695,3784.2313399355635,3875.31787109375,572275800
2024-05-13,BBRI,3850.47608986879,3891.8790585770566,3833.9149023854834,3875.31787109375,320067100
2024-05-14,BBRI,3908.440596921247,3982.965947286271,3891.879407951242,3916.72119140625,341458900
2024-05-15,BBRI,3958.12396164257,4032.649308200694,3941.5627735185426,3991.246337890625,298990300
2024-05-16,BBRI,4082.332716760556,4107.1744979984505,4007.8073730468745,4007.807373046875,371295000
2024-05-17,BBRI,4007.8077342956044,4107.17486820376,3991.246545310912,4074.052490234375,208991800
2024-05-20,BBRI,4132.0164369448585,4181.700001316942,3991.246337890625,3991.246337890625,335150700
2024-05-21,BBRI,3982.9655897352427,4032.6491521851626,3875.31787109375,3875.31787109375,271568800
2024-05-22,BBRI,3850.476270772643,3949.8434003409693,3850.476270772643,3908.4404296875,215066000
2024-05-27,BBRI,3891.879576966003,3908.4407666552197,3767.670654296875,3767.670654296875,363719300
2024-05-28,BBRI,3792.5125950693296,3833.915570998034,3742.829023954884,3751.109619140625,258070200
2024-05-29,BBRI,3709.706597222222,3726.2677873883927,3643.4618365575393,3651.742431640625,465008500
2024-05-30,BBRI,3643.461334367865,3709.706085901826,3568.9359888921585,3626.900146484375,502927800
2024-05-31,BBRI,3668.3031787784416,3701.425555110527,3585.4972379482288,3593.77783203125,655144100
2024-06-03,BBRI,3668.3036672832163,3775.951404697848,3643.4618817259934,3751.109619140625,345770100
2024-06-04,BBRI,3775.9512903792133,3800.79307518434,3684.86474609375,3684.86474609375,332902200
2024-06-05,BBRI,3726.2676169655538,3726.2676169655538,3643.461669921875,3643.461669921875,240788500
2024-06-06,BBRI,3684.8643636067704,3726.267333984375,3635.1807991536457,3726.267333984375,281534200
2024-06-07,BBRI,3717.9869163074713,3726.2675107758623,3602.05859375,3602.05859375,375439600
2024-06-10,BBRI,3602.0586964000354,3668.3034540349786,3577.216912286932,3643.461669921875,181387000
2024-06-11,BBRI,3626.900208363335,3676.583772861463,3593.77783203125,3593.77783203125,197854400
2024-06-12,BBRI,3593.7779992816095,3610.339188218391,3568.936215876437,3602.05859375,187332500
2024-06-13,BBRI,3643.461381598028,3660.0225696962007,3560.655441107164,3568.93603515625,238349600
2024-06-14,BBRI,3560.6557103207233,3577.2168996710525,3453.0079795435854,3461.28857421875,358893200
2024-06-19,BBRI,3395.043701171875,3510.9720226753047,3386.763106778773,3395.043701171875,410338400
2024-06-20,BBRI,3419.885401991547,3535.813720703125,3419.885401991547,3535.813720703125,387133400
2024-06-21,BBRI,3544.0944714245493,3717.9869571720155,3527.533282305743,3676.583984375,532713300
2024-06-24,BBRI,3676.5840487393466,3734.548211669922,3643.461669921875,3643.461669921875,303830800
2024-06-25,BBRI,3577.216582833904,3643.461334367865,3544.0942070669234,3626.900146484375,383572500
2024-06-26,BBRI,3635.1808171392304,3668.3031936051916,3602.058440673269,3618.61962890625,150303400
2024-06-27,BBRI,3651.7422898638947,3726.2676427182596,3626.9005055791063,3693.145263671875,299430600
2024-06-28,BBRI,3800.7926481827444,3842.195618206522,3792.5120541779893,3809.0732421875,581319300
2024-07-01,BBRI,3833.9152832031245,3867.0376614597394,3775.951121254049,3833.915283203125,261421200
2024-07-02,BBRI,3817.3538212014496,3833.9150091459246,3784.2314453125,3784.2314453125,234403100
2024-07-03,BBRI,3833.9150242017663,3842.195618206522,3775.950866168478,3809.0732421875,176310400
2024-07-04,BBRI,3875.3180066707982,3999.5269171410164,3858.7568186081025,3966.404541015625,422261500
2024-07-05,BBRI,4016.088768005371,4032.6499588012693,3966.405195617676,3974.685791015625,218278000
2024-07-08,BBRI,3974.685197368421,3999.5269798519735,3925.001632401316,3933.2822265625,222042100
2024-07-09,BBRI,3958.1243051767838,4082.3332268873523,3933.2825208346703,4032.649658203125,291320400
2024-07-10,BBRI,4032.6493229502253,4074.0522934117266,4007.8075406733246,4016.088134765625,167619700
2024-07-11,BBRI,4065.771529268627,4074.052123014592,4007.8073730468745,4007.807373046875,170461300
2024-07-12,BBRI,4115.455123465402,4123.735717275191,4040.9297791772956,4057.490966796875,301125400
2024-07-15,BBRI,4074.052278510763,4082.3328725727765,3982.9657438286113,3991.246337890625,188713000
2024-07-16,BBRI,3991.2465417712738,4007.807730741279,3916.72119140625,3916.72119140625,189271400
2024-07-17,BBRI,3933.282393768054,3982.96596084723,3908.4406102284665,3941.56298828125,263325400
2024-07-18,BBRI,3941.5634406154145,4049.2111816406255,3933.2828451519367,4049.211181640625,296614900
2024-07-19,BBRI,4032.649185367506,4065.7715606066645,4016.087997747927,4057.490966796875,135104800
2024-07-22,BBRI,4074.0523226673877,4090.613510970914,4040.929946060336,4065.771728515625,140128300
2024-07-23,BBRI,4057.4910753604513,4065.771669391799,3958.123946984277,3966.404541015625,170919500
2024-07-24,BBRI,3949.843672876079,3974.6854569822176,3941.5630781740324,3958.124267578125,116037600
2024-07-25,BBRI,3941.5629612699468,3941.5629612699468,3858.7570167054523,3891.87939453125,274397700
2024-07-26,BBRI,3941.56298828125,3982.96596084723,3925.0017992548583,3941.56298828125,192267300
2024-07-29,BBRI,3974.6854569822176,3974.6854569822176,3941.5630781740324,3958.124267578125,126109900
2024-07-30,BBRI,3908.440569793897,3925.001758648956,3867.03759765625,3867.03759765625,201835700
2024-07-31,BBRI,3850.476408801191,3900.1599753663677,3850.476408801191,3867.03759765625,168490300
2024-08-01,BBRI,3900.159849917763,3933.2822265625,3883.598661595395,3933.2822265625,169636700
2024-08-02,BBRI,3916.721345873142,3933.2825354962843,3883.5989666268574,3900.16015625,113328400
2024-08-05,BBRI,3858.7573565552566,3867.037951740998,3734.5484287691434,3751.109619140625,329430900
2024-08-06,BBRI,3767.670272163723,3850.4762122112775,3742.8284901494567,3809.0732421875,238051800
2024-08-07,BBRI,3842.19595508658,3842.19595508658,3800.79298143263,3825.634765625,125937500
2024-08-08,BBRI,3809.0727895319205,3883.5981267184147,3800.7921965111987,3858.75634765625,131343400
2024-08-09,BBRI,3891.879380938838,3916.7211642214265,3867.03759765625,3867.03759765625,98730900
2024-08-12,BBRI,3908.440246060363,3908.440246060363,3850.47608986879,3875.31787109375,83552800
2024-08-13,BBRI,3891.879241426112,3933.2822120795813,3883.5986472954182,3908.4404296875,109533400
2024-08-14,BBRI,3949.8433675805563,4007.807526014653,3941.5627735185426,3991.246337890625,262716500
2024-08-15,BBRI,4016.088778730752,4032.6499695708785,3966.4052062103715,3999.527587890625,214394900
2024-08-16,BBRI,4016.088778730752,4032.6499695708785,3999.527587890625,3999.527587890625,149701700
2024-08-19,BBRI,3991.246337890625,3991.246337890625,3933.282179456529,3991.246337890625,196203200
2024-08-20,BBRI,4024.369176136364,4098.89453125,4007.8079861111114,4098.89453125,310085500
2024-08-21,BBRI,4132.016969209559,4223.103515625,4123.736374080882,4223.103515625,390307000
2024-08-22,BBRI,4243.805149191677,4264.506637724319,4160.9991950611075,4181.70068359375,474043100
2024-08-23,BBRI,4264.505859375,4305.9088288834955,4243.804374620752,4264.505859375,217759300
2024-08-26,BBRI,4305.909382370283,4409.416819446492,4305.909382370283,4388.71533203125,361169800
2024-08-27,BBRI,4347.311480978261,4368.012964221015,4223.102581521739,4285.20703125,271088700
2024-08-28,BBRI,4223.102889866505,4285.207344129248,4160.998435603762,4264.505859375,277561700
2024-08-29,BBRI,4243.80419921875,4285.207167016006,4223.102715320122,4243.80419921875,160041900
2024-08-30,BBRI,4285.207344129248,4285.207344129248,4243.804374620752,4264.505859375,275298000
2024-09-02,BBRI,4264.505548007247,4326.609997735507,4264.505548007247,4285.20703125,136717200
2024-09-03,BBRI,4326.609997735507,4347.311480978261,4264.505548007247,4285.20703125,166033900
2024-09-04,BBRI,4223.103515625,4285.207979090073,4223.103515625,4223.103515625,141890400
2024-09-05,BBRI,4243.804374620752,4264.505859375,4202.401405112258,4264.505859375,166436800
2024-09-06,BBRI,4305.908866626794,4347.311836498206,4264.505896755382,4326.6103515625,170520700
2024-09-09,BBRI,4368.012964221015,4388.714447463768,4264.505548007247,4285.20703125,201448700
2024-09-10,BBRI,4305.909523809524,4347.3125,4243.80505952381,4347.3125,202326400
2024-09-11,BBRI,4326.609997735507,4347.311480978261,4243.804064764493,4285.20703125,165284900
2024-09-12,BBRI,4285.20703125,4326.609997735507,4264.505548007247,4285.20703125,138542100
2024-09-13,BBRI,4305.909382370283,4388.71533203125,4285.207894955041,4388.71533203125,259722600
2024-09-17,BBRI,4430.118306861734,4430.118306861734,4347.312357200766,4388.71533203125,201331600
2024-09-18,BBRI,4430.1181640625,4450.819650810456,4409.416677314544,4430.1181640625,186877300
2024-09-19,BBRI,4492.222482186777,4554.326940465856,4471.52099609375,4471.52099609375,332941100
2024-09-20,BBRI,4471.5213117732565,4512.924286882268,4450.81982421875,4450.81982421875,260437400
2024-09-23,BBRI,4430.117751242898,4554.32666015625,4430.117751242898,4554.32666015625,245292000
2024-09-24,BBRI,4595.7302964154405,4616.431784237132,4575.02880859375,4575.02880859375,195415700
2024-09-25,BBRI,4471.521456866198,4492.22294509243,4305.909551056338,4409.4169921875,607065900
2024-09-26,BBRI,4264.506637724319,4305.909614789603,4160.9991950611075,4181.70068359375,855266800
2024-09-27,BBRI,4181.700539981617,4264.506491268382,4140.297564338235,4223.103515625,304694300
2024-09-30,BBRI,4181.700481376262,4181.700481376262,4098.89453125,4098.89453125,539169900
2024-10-01,BBRI,4115.4556101831895,4202.40185546875,4115.4556101831895,4202.40185546875,197069300
2024-10-02,BBRI,4140.297584688133,4202.402048458454,4057.49163299437,4090.614013671875,307487600
2024-10-03,BBRI,4057.4913012496822,4107.17486820376,4024.368923280297,4074.052490234375,354814800
2024-10-04,BBRI,4032.6494909215853,4074.0524631076387,4016.0883020471642,4024.368896484375,289960700
2024-10-07,BBRI,4024.3687141386804,4082.3328725727765,3982.9657438286113,3991.246337890625,308452200
2024-10-08,BBRI,3974.68546875,4181.700336914063,3941.5630898437503,4140.29736328125,527474400
2024-10-09,BBRI,4140.296920559711,4202.401374368107,4082.3327636718755,4082.332763671875,309336600
2024-10-10,BBRI,4074.0524631076387,4115.455435293692,4024.368896484375,4024.368896484375,226564700
2024-10-11,BBRI,4065.7715606066645,4090.613342036033,4049.210372987085,4057.490966796875,104875300
2024-10-14,BBRI,4057.490966796875,4082.3327482262434,4032.649185367506,4057.490966796875,125414400
2024-10-15,BBRI,4082.333084726721,4132.0166516807985,4074.052490234375,4074.052490234375,142372200
2024-10-16,BBRI,4098.89453125,4115.4557212752525,4074.0527462121213,4098.89453125,118014300
2024-10-17,BBRI,4107.175138052209,4181.700493379769,4090.613947979418,4123.736328125,188127700
2024-10-18,BBRI,4160.998837261853,4181.7003240143995,4107.174971705232,4115.45556640625,157113000
2024-10-21,BBRI,4123.736007170592,4160.998681934181,4115.455412778682,4132.0166015625,110708200
2024-10-22,BBRI,4107.174529655612,4115.455123465402,4057.490966796875,4057.490966796875,199707500
2024-10-23,BBRI,3999.5271131727427,4049.210679796007,3982.9659242983216,4024.368896484375,222147300
2024-10-24,BBRI,3991.246337890625,4057.4910903867353,3982.9657438286113,3991.246337890625,218162100
2024-10-25,BBRI,3991.246477618907,4024.368855026533,3949.843505859375,3949.843505859375,195647800
2024-10-28,BBRI,3949.843582794446,3974.685366334034,3900.1600157152707,3941.56298828125,191211000
2024-10-29,BBRI,3916.7211779005984,3958.124150182846,3891.87939453125,3891.87939453125,203658600
2024-10-30,BBRI,3833.9153977574306,3933.2825354962843,3833.9153977574306,3900.16015625,296314500
2024-10-31,BBRI,3900.160432434082,4032.6499588012693,3900.160432434082,3974.685791015625,307110400
2024-11-01,BBRI,3949.8435557263965,3991.2465280086435,3891.87939453125,3891.87939453125,235656400
2024-11-04,BBRI,3900.1598355568062,3949.8434003409693,3850.476270772643,3908.4404296875,209831500
2024-11-05,BBRI,3883.5989666268574,3925.001940684713,3875.3183718152864,3900.16015625,199499300
2024-11-06,BBRI,3900.15977623981,3916.720964249321,3809.0732421875,3809.0732421875,249059500
2024-11-07,BBRI,3817.354223364526,3842.1960078983516,3767.670654296875,3767.670654296875,296218600
2024-11-08,BBRI,3809.0736159603157,3842.1959952295356,3742.828857421875,3742.828857421875,198589900
2024-11-11,BBRI,3701.4258584334716,3759.390021764644,3618.61991081751,3693.145263671875,507192300
2024-11-12,BBRI,3668.303175455729,3742.8285221354163,3668.303175455729,3726.267333984375,252380100
2024-11-13,BBRI,3701.4259075847776,3817.354235786538,3693.145312713223,3792.512451171875,209627200
2024-11-14,BBRI,3784.231492513021,3800.792680664062,3726.267333984375,3726.267333984375,159871800
2024-11-15,BBRI,3684.8648351204206,3734.548405931033,3684.8648351204206,3701.426025390625,106365600
2024-11-18,BBRI,3676.5839439655174,3693.145132902299,3602.05859375,3602.05859375,253272300
2024-11-19,BBRI,3602.058273455418,3651.7418358479067,3602.058273455418,3610.3388671875,294838700
2024-11-20,BBRI,3643.461722358545,3676.584101652714,3585.49755859375,3585.49755859375,298734600
2024-11-21,BBRI,3544.094469209559,3577.216847426471,3519.252685546875,3519.252685546875,376788400
2024-11-22,BBRI,3519.252749356356,3660.0228593306106,3519.252749356356,3643.461669921875,280188100
2024-11-25,BBRI,3660.0230497151147,3751.1095962012373,3660.0230497151147,3701.426025390625,401446400
2024-11-26,BBRI,3684.864643443714,3701.42583285245,3626.900480513139,3643.461669921875,266677500
2024-11-28,BBRI,3602.058748240834,3635.181127535003,3585.49755859375,3585.49755859375,277081800
2024-11-29,BBRI,3544.094469209559,3560.655658318015,3519.252685546875,3519.252685546875,412519800
2024-12-02,BBRI,3535.813755245804,3544.0943495203837,3444.72721822542,3453.0078125,337188900
2024-12-03,BBRI,3510.97216796875,3519.2527627045256,3486.130383761424,3510.97216796875,384146700
2024-12-04,BBRI,3510.972054597701,3618.619782686782,3494.4108656609196,3602.05859375,345762200
2024-12-05,BBRI,3568.9361749926643,3593.7779581132627,3519.252608751467,3527.533203125,183249300
2024-12-06,BBRI,3519.2524708617316,3568.93603515625,3494.410688714472,3568.93603515625,151433000
2024-12-09,BBRI,3568.936153611724,3635.180908203125,3560.655559287799,3635.180908203125,158897200
2024-12-10,BBRI,3610.3388671875,3626.9000546516627,3552.3747110629297,3610.3388671875,196160900
2024-12-11,BBRI,3593.777770717394,3668.3031161931003,3593.777770717394,3626.900146484375,203980300
2024-12-12,BBRI,3593.7779581132627,3610.3391468603286,3527.533203125,3527.533203125,226698900
2024-12-13,BBRI,3502.6913781474823,3544.0943495203837,3453.0078125,3453.0078125,287838100
2024-12-16,BBRI,3436.4467400045955,3544.094469209559,3436.4467400045955,3519.252685546875,325441900
2024-12-17,BBRI,3519.2529738093,3552.37535473927,3436.447021484375,3436.447021484375,327919000
2024-12-18,BBRI,3453.00821194936,3486.13059287933,3419.88583101939,3436.447021484375,205055500
2024-12-19,BBRI,3386.762939453125,3403.324127421111,3353.640563517153,3386.762939453125,381986300
2024-12-20,BBRI,3370.2019812673184,3411.60495401016,3353.6407921701816,3361.92138671875,252689600
2024-12-23,BBRI,3419.8856134482635,3486.1303710937505,3403.3244240368917,3486.13037109375,167689800
2024-12-24,BBRI,3494.410797991072,3519.252580915179,3453.007826450893,3477.849609375,199536100
2024-12-27,BBRI,3507.794189453125,3524.905380621189,3490.682998285061,3507.794189453125,143104400
2024-12-30,BBRI,3490.68310546875,3524.9054888556984,3482.1275096220124,3490.68310546875,153934700
