date,stock,open,high,low,close,volume,target_close_h1
2023-01-02,BBCA,7514.264410007767,7536.171886421784,7448.541980765716,7492.35693359375,10653900,7492.35693359375
2023-01-03,BBCA,7492.35693359375,7536.171886421784,7470.449457179733,7492.35693359375,27399100,7317.09765625
2023-01-04,BBCA,7470.450002339072,7514.264958364522,7317.09765625,7317.09765625,90918800,7229.46728515625
2023-01-05,BBCA,7317.097191642993,7339.004668264678,7141.837378669507,7229.46728515625,128838500,7273.283203125
2023-01-06,BBCA,7098.023366905121,7295.190682652485,7098.023366905121,7273.283203125,69286600,7404.7275390625
2023-01-09,BBCA,7295.190149431398,7404.7275390625,7295.190149431398,7404.7275390625,86916900,7163.7451171875
2023-01-10,BBCA,7360.912413990825,7382.819891413417,7141.837639764908,7163.7451171875,101759100,7119.9306640625
2023-01-11,BBCA,7054.208227163461,7141.8381430288455,7010.393269230769,7119.9306640625,96069100,7163.7451171875
2023-01-12,BBCA,7141.837639764908,7251.375026877867,7119.930162342316,7163.7451171875,103804600,7054.20849609375
2023-01-13,BBCA,7141.838415299884,7163.745895101417,7032.301016292217,7054.20849609375,119748200,7141.837890625
2023-01-16,BBCA,7054.207977856595,7185.652847009203,7054.207977856595,7141.837890625,105710700,7295.1904296875
2023-01-17,BBCA,7163.745557080518,7339.00538722316,7141.838078312688,7295.1904296875,88695900,7273.283203125
2023-01-18,BBCA,7185.653285015061,7295.190682652485,7163.745805487576,7273.283203125,96814600,7295.1904296875
2023-01-19,BBCA,7317.09790845533,7317.09790845533,7229.467993384009,7295.1904296875,66391800,7273.283203125
2023-01-20,BBCA,7251.375723597515,7295.190682652485,7229.468244070031,7273.283203125,96859500,7207.56005859375
2023-01-24,BBCA,7273.282490738981,7317.097445502469,7207.56005859375,7207.56005859375,42474500,7185.65283203125
2023-01-25,BBCA,7273.282744616997,7273.282744616997,7185.65283203125,7185.65283203125,66124500,7426.63525390625
2023-01-26,BBCA,7207.560467655328,7426.63525390625,7207.560467655328,7426.63525390625,77582300,7623.80224609375
2023-01-27,BBCA,7623.80224609375,7755.247112405711,7492.357379781789,7623.80224609375,196804700,7623.80224609375
2023-01-30,BBCA,7645.70972381241,7689.524679249731,7514.264857500449,7623.80224609375,68544300,7426.63525390625
2023-01-31,BBCA,7558.080125656803,7601.895082906987,7426.63525390625,7426.63525390625,200589000,7448.54296875
2023-02-01,BBCA,7514.265406709558,7514.265406709558,7404.728010110294,7448.54296875,77396200,7404.7275390625
2023-02-02,BBCA,7382.82006113628,7470.449972841161,7360.912583210059,7404.7275390625,99109500,7623.80224609375
2023-02-03,BBCA,7492.357379781789,7623.80224609375,7448.542424344469,7623.80224609375,71716700,7645.7099609375
2023-02-06,BBCA,7667.617439335601,7667.617439335601,7579.987525743194,7645.7099609375,117757700,7755.2470703125
2023-02-07,BBCA,7689.524637513242,7755.2470703125,7667.617159913489,7755.2470703125,116014700,7733.33984375
2023-02-08,BBCA,7733.339843750001,7755.247322060907,7711.432365439094,7733.33984375,54495500,7799.06103515625
2023-02-09,BBCA,7733.338610702686,7799.06103515625,7711.431135884832,7799.06103515625,72381700,7733.33984375
2023-02-10,BBCA,7777.154800371813,7799.06227868272,7623.802452195468,7733.33984375,62060900,7777.15576171875
2023-02-13,BBCA,7777.15576171875,7799.063242737676,7689.525837643046,7777.15576171875,63775000,7842.87744140625
2023-02-14,BBCA,7755.2475258598115,7842.877441406251,7733.340046973202,7842.87744140625,81678200,7777.15576171875
2023-02-15,BBCA,7777.15576171875,7799.063242737676,7667.61835662412,7777.15576171875,38037000,7623.80224609375
2023-02-16,BBCA,7733.339634687051,7755.247112405711,7623.80224609375,7623.80224609375,66040400,7645.7099609375
2023-02-17,BBCA,7689.524917733703,7755.247352928008,7645.7099609375,7645.7099609375,43588900,7667.61669921875
2023-02-20,BBCA,7645.709222935268,7733.339128069197,7623.801746651786,7667.61669921875,40077000,7623.80224609375
2023-02-21,BBCA,7689.524679249731,7711.432156968391,7623.80224609375,7623.80224609375,25390500,7601.89501953125
2023-02-22,BBCA,7623.802497973704,7667.61745485861,7558.080062646344,7601.89501953125,38671900,7645.7099609375
2023-02-23,BBCA,7558.080047345093,7667.617439335601,7558.080047345093,7645.7099609375,53412300,7601.89501953125
2023-02-24,BBCA,7689.524933301063,7755.247368628423,7601.89501953125,7601.89501953125,44123400,7689.5244140625
2023-02-27,BBCA,7601.894506209936,7689.5244140625,7579.987029246795,7689.5244140625,59983900,7667.61669921875
2023-02-28,BBCA,7689.524175502232,7689.524175502232,7601.894270368304,7667.61669921875,106349400,7536.171875
2023-03-01,BBCA,7645.70925690407,7667.616733284884,7536.171875,7536.171875,67034700,7558.07958984375
2023-03-02,BBCA,7536.172112771739,7623.802021059782,7536.172112771739,7558.07958984375,56672000,7426.63525390625
2023-03-03,BBCA,7579.987604281895,7601.895082906987,7426.63525390625,7426.63525390625,95376900,7360.91259765625
2023-03-06,BBCA,7492.35746547154,7492.35746547154,7360.91259765625,7360.91259765625,92652000,7382.8203125
2023-03-07,BBCA,7317.09787648368,7426.635269844214,7317.09787648368,7382.8203125,106115600,7514.2646484375
2023-03-08,BBCA,7360.912308673469,7514.2646484375,7360.912308673469,7514.2646484375,79350900,7514.2646484375
2023-03-09,BBCA,7579.987079764942,7579.987079764942,7492.357171328353,7514.2646484375,54201400,7404.7275390625
2023-03-10,BBCA,7448.542494914941,7492.357450767382,7404.7275390625,7404.7275390625,59580100,7492.35693359375
2023-03-13,BBCA,7404.727027937683,7558.079362835801,7404.727027937683,7492.35693359375,82077700,7295.1904296875
2023-03-14,BBCA,7382.820344758821,7426.635302294481,7295.1904296875,7295.1904296875,90495300,7295.1904296875
2023-03-15,BBCA,7404.727823526651,7426.635302294481,7295.1904296875,7295.1904296875,86747400,7273.283203125
2023-03-16,BBCA,7273.283203125,7317.09816217997,7229.468244070031,7273.283203125,105894000,7339.00537109375
2023-03-17,BBCA,7339.00537109375,7404.727807252798,7295.190413654384,7339.00537109375,198558600,7360.91259765625
2023-03-20,BBCA,7360.91259765625,7426.635031563896,7339.005119687035,7360.91259765625,37277900,7448.54296875
2023-03-21,BBCA,7360.913051470588,7448.54296875,7339.005572150735,7448.54296875,91617400,7733.33984375
2023-03-24,BBCA,7623.802452195468,7733.339843750001,7558.080017262749,7733.33984375,145603600,7623.80224609375
2023-03-27,BBCA,7733.339634687051,7733.339634687051,7623.80224609375,7623.80224609375,110692800,7601.89501953125
2023-03-28,BBCA,7711.432411743516,7711.432411743516,7601.89501953125,7601.89501953125,98296600,7865.57080078125
2023-03-29,BBCA,7753.843942815607,7865.57080078125,7709.153199629351,7865.57080078125,101068200,7887.91455078125
2023-03-30,BBCA,7954.950651779391,7954.950651779391,7865.569183781869,7887.91455078125,118912100,7820.87890625
2023-03-31,BBCA,7887.915011160714,7910.260379464285,7798.533537946429,7820.87890625,97146900,7865.57080078125
2023-04-03,BBCA,7887.916172374379,7887.916172374379,7820.880057594994,7865.57080078125,60288900,7843.224609375
2023-04-04,BBCA,7887.915347889957,7887.915347889957,7731.4977630876065,7843.224609375,60975800,7798.53466796875
2023-04-05,BBCA,7843.225411051666,7865.570782593123,7798.53466796875,7798.53466796875,36922100,7820.87890625
2023-04-06,BBCA,7776.188169642857,7843.224274553571,7776.188169642857,7820.87890625,45489400,7865.57080078125
2023-04-10,BBCA,7798.534686001864,7865.57080078125,7776.189314408736,7865.57080078125,32996000,7887.91455078125
2023-04-11,BBCA,7887.91455078125,7887.91455078125,7820.878449783109,7887.91455078125,44554300,7954.9501953125
2023-04-12,BBCA,7954.9501953125,7954.9501953125,7887.91409816099,7954.9501953125,91903600,7977.29736328125
2023-04-13,BBCA,7999.642734046743,7999.642734046743,7932.606621750262,7977.29736328125,51726500,8044.33349609375
2023-04-14,BBCA,8044.33349609375,8044.33349609375,7999.642754448784,8044.33349609375,110354200,8066.67822265625
2023-04-17,BBCA,8066.67822265625,8089.023591694078,7954.951377467105,8066.67822265625,83946900,8156.06005859375
2023-04-18,BBCA,8089.023948523116,8200.750798640838,8066.678578499572,8156.06005859375,91178700,8223.095703125
2023-04-26,BBCA,8156.059596849524,8223.095703125,8044.332753057066,8223.095703125,186928200,8178.40576171875
2023-04-27,BBCA,8133.715019851435,8200.751132652407,8111.369648917777,8178.40576171875,54842400,8089.02294921875
2023-04-28,BBCA,8133.713683744821,8156.059051007855,8089.02294921875,8089.02294921875,145775300,8089.02294921875
2023-05-02,BBCA,8133.713683744821,8133.713683744821,7954.950745640538,8089.02294921875,83645900,7977.29736328125
2023-05-03,BBCA,8089.024217108718,8089.024217108718,7932.606621750262,7977.29736328125,83728800,8044.33349609375
2023-05-04,BBCA,7977.297383626302,8066.678866916232,7932.606641981337,8044.33349609375,67565000,8044.33349609375
2023-05-05,BBCA,8044.33349609375,8089.024237738715,7999.642754448784,8044.33349609375,64815100,8044.33349609375
2023-05-08,BBCA,8044.33349609375,8111.369608561197,7999.642754448784,8044.33349609375,84754500,7977.29736328125
2023-05-09,BBCA,7999.642734046743,8021.988104812237,7954.951992515756,7977.29736328125,40929600,7977.29736328125
2023-05-10,BBCA,7977.29736328125,7999.642734046743,7954.951992515756,7977.29736328125,45322600,7887.91455078125
2023-05-11,BBCA,7954.950651779391,7954.950651779391,7865.569183781869,7887.91455078125,81993900,7865.57080078125
2023-05-12,BBCA,7820.880057594994,7932.606915560636,7798.534686001864,7865.57080078125,96525600,7843.224609375
2023-05-15,BBCA,7932.606086404914,7932.606086404914,7798.533870860042,7843.224609375,64830300,7776.18798828125
2023-05-16,BBCA,7865.56945941092,7887.914827193337,7776.18798828125,7776.18798828125,49497000,7843.224609375
2023-05-17,BBCA,7843.224609374999,7910.260717147436,7820.879240117521,7843.224609375,69996100,8044.33349609375
2023-05-19,BBCA,7954.952012803819,8044.33349609375,7887.915900336371,8044.33349609375,123592500,8044.33349609375
2023-05-22,BBCA,8044.33349609375,8111.369608561197,7977.297383626302,8044.33349609375,91000000,8156.06005859375
2023-05-23,BBCA,8089.023948523116,8178.405428617294,8066.678578499572,8156.06005859375,102980500,8066.67822265625
2023-05-24,BBCA,8223.095805921052,8223.095805921052,8066.67822265625,8066.67822265625,77392900,8089.02294921875
2023-05-25,BBCA,8133.713683744821,8178.40441827089,8089.02294921875,8089.02294921875,76325700,8178.40576171875
2023-05-26,BBCA,8200.751132652407,8223.096503586066,8133.715019851435,8178.40576171875,55675900,8178.40576171875
2023-05-29,BBCA,8267.78724545338,8267.78724545338,8111.369648917777,8178.40576171875,79148200,8267.787109375
2023-05-30,BBCA,8223.096368243243,8334.823221072635,8178.405627111486,8267.787109375,97189500,8089.02294921875
2023-05-31,BBCA,8312.476621849102,8334.821989112137,8089.02294921875,8089.02294921875,722827900,8223.095703125
2023-06-05,BBCA,8178.404965608017,8334.82254691746,8133.714228091033,8223.095703125,163535600,8178.40576171875
2023-06-06,BBCA,8089.024277984119,8223.096503586066,8089.024277984119,8178.40576171875,74872200,8133.71533203125
2023-06-07,BBCA,8156.060703822545,8200.751447405135,8111.369960239956,8133.71533203125,87492200,8156.06005859375
2023-06-08,BBCA,8111.369318546661,8156.06005859375,8111.369318546661,8156.06005859375,53188400,8133.71533203125
2023-06-09,BBCA,8200.751447405135,8200.751447405135,8133.71533203125,8133.71533203125,44632400,8178.40576171875
2023-06-12,BBCA,8178.40576171875,8178.40576171875,8133.715019851435,8178.40576171875,38082300,8178.40576171875
2023-06-13,BBCA,8200.751132652407,8200.751132652407,8133.715019851435,8178.40576171875,45552600,8111.369140625
2023-06-14,BBCA,8133.714510158402,8156.059879691805,8089.023771091598,8111.369140625,72223700,8089.02294921875
2023-06-15,BBCA,8133.713683744821,8133.713683744821,8089.02294921875,8089.02294921875,59073000,8089.02294921875
2023-06-16,BBCA,8133.713683744821,8133.713683744821,8021.9868474296445,8089.02294921875,112769400,8044.33349609375
2023-06-19,BBCA,8044.33349609375,8089.024237738715,8044.33349609375,8044.33349609375,32330600,8089.02294921875
2023-06-20,BBCA,8066.677581955714,8089.02294921875,7999.641480166609,8089.02294921875,54990100,8156.06005859375
2023-06-21,BBCA,8089.023948523116,8156.06005859375,8044.333208476027,8156.06005859375,42676300,8089.02294921875
2023-06-22,BBCA,8156.059051007855,8178.40441827089,8089.02294921875,8089.02294921875,48291100,8089.02294921875
2023-06-23,BBCA,8066.677581955714,8178.40441827089,8066.677581955714,8089.02294921875,47813500,8111.369140625
2023-06-26,BBCA,8066.678401558195,8156.059879691805,8066.678401558195,8111.369140625,36389900,8178.40576171875
2023-06-27,BBCA,8089.024277984119,8178.40576171875,8089.024277984119,8178.40576171875,36225100,8111.369140625
2023-07-03,BBCA,8066.678401558195,8111.369140625,8066.678401558195,8111.369140625,108855900,8089.02294921875
2023-07-04,BBCA,8178.40441827089,8178.40441827089,8089.02294921875,8089.02294921875,35049300,8089.02294921875
2023-07-05,BBCA,8089.02294921875,8111.368316481785,8066.677581955714,8089.02294921875,44609200,8111.369140625
2023-07-06,BBCA,8089.023771091598,8133.714510158402,8066.678401558195,8111.369140625,52532400,8066.67822265625
2023-07-07,BBCA,8066.67822265625,8133.714329769737,8066.67822265625,8066.67822265625,37641300,8089.02294921875
2023-07-10,BBCA,8133.713683744821,8133.713683744821,8089.02294921875,8089.02294921875,28981500,8066.67822265625
2023-07-11,BBCA,8133.714329769737,8133.714329769737,8066.67822265625,8066.67822265625,43703500,8200.7509765625
2023-07-12,BBCA,8111.369494529121,8200.7509765625,8089.024124020776,8200.7509765625,61566500,8156.06005859375
2023-07-13,BBCA,8223.096168664384,8245.441538687928,8156.06005859375,8156.06005859375,65230900,8223.095703125
2023-07-14,BBCA,8200.750334366508,8223.095703125,8156.059596849524,8223.095703125,55554500,8200.7509765625
2023-07-17,BBCA,8223.096347070845,8267.787088087534,8200.7509765625,8200.7509765625,62550100,8178.40576171875
2023-07-18,BBCA,8223.096503586066,8267.78724545338,8133.715019851435,8178.40576171875,52924600,8178.40576171875
2023-07-20,BBCA,8223.096503586066,8245.441874519724,8156.060390785093,8178.40576171875,83476600,8178.40576171875
2023-07-21,BBCA,8178.40576171875,8200.751132652407,8156.060390785093,8178.40576171875,42667800,8133.71533203125
2023-07-24,BBCA,8223.09681919643,8223.09681919643,8133.71533203125,8133.71533203125,62061200,8178.40576171875
2023-07-25,BBCA,8200.751132652407,8312.477987320697,8178.40576171875,8178.40576171875,122802700,8357.16796875
2023-07-26,BBCA,8200.750386447193,8357.16796875,8156.05964864639,8357.16796875,113868700,8245.44140625
2023-07-27,BBCA,8401.858993902439,8401.858993902439,8245.44140625,8245.44140625,77848400,8156.06005859375
2023-07-28,BBCA,8223.096168664384,8245.441538687928,8156.06005859375,8156.06005859375,74510200,8156.06005859375
2023-07-31,BBCA,8200.750798640838,8223.096168664384,8133.714688570205,8156.06005859375,80868000,8156.06005859375
2023-08-01,BBCA,8200.750798640838,8200.750798640838,8133.714688570205,8156.06005859375,49756400,8223.095703125
2023-08-02,BBCA,8156.059596849524,8223.095703125,8156.059596849524,8223.095703125,60629900,8267.787109375
2023-08-03,BBCA,8178.405627111486,8312.477850506757,8178.405627111486,8267.787109375,64596100,8178.40576171875
2023-08-04,BBCA,8267.78724545338,8290.13261638704,8156.060390785093,8178.40576171875,52675900,8290.130859375
2023-08-07,BBCA,8178.404028386119,8290.130859375,8178.404028386119,8290.130859375,55589300,8223.095703125
2023-08-08,BBCA,8290.131809400476,8312.477178158968,8223.095703125,8223.095703125,43373400,8401.859375
2023-08-09,BBCA,8290.132521609043,8401.859375,8267.787150930852,8401.859375,77056800,8401.859375
2023-08-10,BBCA,8401.859375,8424.204745678191,8357.168633643618,8401.859375,76738100,8401.859375
2023-08-11,BBCA,8424.204745678191,8446.550116356382,8379.514004321809,8401.859375,68898600,8357.16796875
2023-08-14,BBCA,8334.822599849598,8357.16796875,8245.441124247995,8357.16796875,75495400,8312.4765625
2023-08-15,BBCA,8334.821929603495,8379.512663810483,8312.4765625,8312.4765625,59303700,8312.4765625
2023-08-16,BBCA,8290.131195396505,8334.821929603495,8267.78582829301,8312.4765625,53440000,8267.787109375
2023-08-18,BBCA,8267.787109375,8357.168591638514,8267.787109375,8267.787109375,79328900,8200.7509765625
2023-08-21,BBCA,8245.44171757919,8267.787088087534,8200.7509765625,8200.7509765625,73573000,8312.4765625
2023-08-22,BBCA,8178.404359879032,8334.821929603495,8178.404359879032,8312.4765625,65664600,8312.4765625
2023-08-23,BBCA,8312.4765625,8334.821929603495,8290.131195396505,8312.4765625,63749800,8223.095703125
2023-08-24,BBCA,8267.786440641985,8334.82254691746,8223.095703125,8223.095703125,53725900,8290.130859375
2023-08-25,BBCA,8223.09476078167,8290.130859375,8200.749394583896,8290.130859375,50379000,8223.095703125
2023-08-28,BBCA,8267.786440641985,8267.786440641985,8223.095703125,8223.095703125,44423100,8267.787109375
2023-08-29,BBCA,8290.132479940878,8312.477850506757,8223.096368243243,8267.787109375,45428500,8223.095703125
2023-08-30,BBCA,8312.477178158968,8312.477178158968,8223.095703125,8223.095703125,56227000,8200.7509765625
2023-08-31,BBCA,8223.096347070845,8245.44171757919,8133.714865037466,8200.7509765625,136107200,8245.44140625
2023-09-01,BBCA,8223.096036585366,8290.132145579268,8200.750666920732,8245.44140625,42152700,8245.44140625
2023-09-04,BBCA,8245.44140625,8290.132145579268,8200.750666920732,8245.44140625,40610600,8245.44140625
2023-09-05,BBCA,8267.786775914634,8267.786775914634,8223.096036585366,8245.44140625,42007200,8178.40576171875
2023-09-06,BBCA,8223.096503586066,8267.78724545338,8178.40576171875,8178.40576171875,49318400,8200.7509765625
2023-09-07,BBCA,8156.06023554581,8200.7509765625,8133.714865037466,8200.7509765625,61405200,8156.06005859375
2023-09-08,BBCA,8133.714688570205,8178.405428617294,8089.023948523116,8156.06005859375,80732300,8156.06005859375
2023-09-11,BBCA,8111.369318546661,8156.06005859375,8111.369318546661,8156.06005859375,53155900,8133.71533203125
2023-09-12,BBCA,8133.71533203125,8156.060703822545,8111.369960239956,8133.71533203125,66479000,8111.369140625
2023-09-13,BBCA,8089.023771091598,8111.369140625,8044.333032024793,8111.369140625,69490200,8133.71533203125
2023-09-14,BBCA,8044.333844866072,8156.060703822545,8044.333844866072,8133.71533203125,112757900,8044.33349609375
2023-09-15,BBCA,8089.024237738715,8133.714979383681,8044.33349609375,8044.33349609375,121005300,8044.33349609375
2023-09-18,BBCA,8089.024237738715,8111.369608561197,8044.33349609375,8044.33349609375,34272200,8111.369140625
2023-09-19,BBCA,8044.333032024793,8111.369140625,8021.987662491391,8111.369140625,33325800,8178.40576171875
2023-09-20,BBCA,8156.060390785093,8200.751132652407,8111.369648917777,8178.40576171875,54305500,8156.06005859375
2023-09-21,BBCA,8156.06005859375,8178.405428617294,8111.369318546661,8156.06005859375,40607000,8111.369140625
2023-09-22,BBCA,8156.059879691805,8178.405249225207,8111.369140625,8111.369140625,42445300,8044.33349609375
2023-09-25,BBCA,8111.369608561197,8111.369608561197,8044.33349609375,8044.33349609375,56132200,7999.642578125
2023-09-26,BBCA,8044.333318784916,8066.678689114874,7999.642578125,7999.642578125,73544700,7932.60693359375
2023-09-27,BBCA,7954.952305237676,8044.33379181338,7932.60693359375,7932.60693359375,84345000,7887.91455078125
2023-09-29,BBCA,7887.91455078125,7954.950651779391,7887.91455078125,7887.91455078125,118960000,8111.369140625
2023-10-02,BBCA,7954.951553891185,8133.714510158402,7932.606184357783,8111.369140625,93663000,8223.095703125
2023-10-03,BBCA,8111.368859332541,8223.095703125,8066.678121815557,8223.095703125,98380200,8223.095703125
2023-10-04,BBCA,8223.095703125,8267.786440641985,8156.059596849524,8223.095703125,112582800,8111.369140625
2023-10-05,BBCA,8223.09598829201,8223.09598829201,8111.369140625,8111.369140625,72855700,8066.67822265625
2023-10-06,BBCA,8133.714329769737,8133.714329769737,8066.67822265625,8066.67822265625,53344400,8089.02294921875
2023-10-09,BBCA,8066.677581955714,8156.059051007855,8066.677581955714,8089.02294921875,43774500,7977.29736328125
2023-10-10,BBCA,8044.33347557773,8044.33347557773,7977.29736328125,7977.29736328125,71966100,7977.29736328125
2023-10-11,BBCA,7977.29736328125,8066.678846343225,7977.29736328125,7977.29736328125,84305800,8089.02294921875
2023-10-12,BBCA,8044.332214692679,8133.713683744821,8044.332214692679,8089.02294921875,71064500,8111.369140625
2023-10-13,BBCA,8133.714510158402,8156.059879691805,8066.678401558195,8111.369140625,62941800,8133.71533203125
2023-10-16,BBCA,8156.060703822545,8156.060703822545,8089.024588448661,8133.71533203125,29429200,7999.642578125
2023-10-17,BBCA,8089.024059444832,8111.369429774791,7999.642578125,7999.642578125,59606000,7910.2607421875
2023-10-18,BBCA,7977.29685017214,7999.642219500353,7910.2607421875,7910.2607421875,50919200,7820.87890625
2023-10-19,BBCA,7887.915011160714,7910.260379464285,7820.87890625,7820.87890625,89509700,8021.9873046875
2023-10-20,BBCA,7798.53361932016,8066.678041760968,7798.53361932016,8021.9873046875,64554500,7910.2607421875
2023-10-23,BBCA,7932.606111515714,7977.29685017214,7910.2607421875,7910.2607421875,50633500,7843.224609375
2023-10-24,BBCA,7843.224609374999,7932.606086404914,7843.224609374999,7843.224609375,76963200,7932.60693359375
2023-10-25,BBCA,7887.916190305898,7977.297676881602,7887.916190305898,7932.60693359375,54748400,7798.53466796875
2023-10-26,BBCA,7977.297640300412,7999.64301184187,7798.53466796875,7798.53466796875,63199400,7776.18798828125
2023-10-27,BBCA,7798.533356063667,7865.56945941092,7776.18798828125,7776.18798828125,52450700,7910.2607421875
2023-10-30,BBCA,7776.18852621822,7910.2607421875,7776.18852621822,7910.2607421875,51958200,7820.87890625
2023-10-31,BBCA,7865.569642857143,7887.915011160714,7798.533537946429,7820.87890625,64907600,7686.806640625
2023-11-01,BBCA,7820.87884947311,7843.224217614462,7686.806640625,7686.806640625,67027600,7910.2607421875
2023-11-02,BBCA,7798.533895546434,7954.951480843926,7798.533895546434,7910.2607421875,56050900,7954.9501953125
2023-11-03,BBCA,7977.295561029669,7999.64092674684,7910.25946387816,7954.9501953125,60414100,8089.02294921875
2023-11-06,BBCA,8021.9868474296445,8089.02294921875,7999.641480166609,8089.02294921875,84994200,8021.9873046875
2023-11-07,BBCA,8044.332673224234,8066.678041760968,7954.951199077298,8021.9873046875,60648200,8044.33349609375
2023-11-08,BBCA,7999.642754448784,8044.33349609375,7954.952012803819,8044.33349609375,31829300,8044.33349609375
2023-11-09,BBCA,7954.952012803819,8089.024237738715,7954.952012803819,8044.33349609375,46076800,7887.91455078125
2023-11-10,BBCA,7999.641385778152,8044.332119776912,7887.91455078125,7887.91455078125,50754600,7932.60693359375
2023-11-13,BBCA,7932.60693359375,7977.297676881602,7910.261561949824,7932.60693359375,20827700,7977.29736328125
2023-11-14,BBCA,7954.951992515756,7999.642734046743,7932.606621750262,7977.29736328125,37195700,8089.02294921875
2023-11-15,BBCA,8021.9868474296445,8089.02294921875,7999.641480166609,8089.02294921875,84977900,8111.369140625
2023-11-16,BBCA,8089.023771091598,8111.369140625,7999.642292957989,8111.369140625,48714300,8111.369140625
2023-11-17,BBCA,8066.678401558195,8111.369140625,8021.987662491391,8111.369140625,57050500,7932.60693359375
2023-11-20,BBCA,8021.988420169454,8066.679163457306,7932.60693359375,7932.60693359375,49216000,7843.224609375
2023-11-21,BBCA,7887.915347889957,7954.951455662393,7843.224609374999,7843.224609375,107614800,7932.60693359375
2023-11-22,BBCA,7843.225447018046,7932.60693359375,7843.225447018046,7932.60693359375,40364800,7977.29736328125
2023-11-23,BBCA,7910.261250984769,8021.988104812237,7910.261250984769,7977.29736328125,55542100,7977.29736328125
2023-11-24,BBCA,7977.29736328125,8021.988104812237,7954.951992515756,7977.29736328125,43631900,7932.60693359375
2023-11-27,BBCA,7954.952305237676,7999.643048525529,7932.60693359375,7932.60693359375,35679000,7932.60693359375
2023-11-28,BBCA,7932.60693359375,7999.643048525529,7910.261561949824,7932.60693359375,69070600,7954.9501953125
2023-11-29,BBCA,7954.9501953125,7999.64092674684,7954.9501953125,7954.9501953125,54715600,8021.9873046875
2023-11-30,BBCA,7977.296567614032,8021.9873046875,7954.951199077298,8021.9873046875,205312100,7999.642578125
2023-12-01,BBCA,7977.297207795042,8021.987948454958,7954.951837465083,7999.642578125,80566400,8015.35888671875
2023-12-04,BBCA,8037.810872395833,8105.166829427083,8015.35888671875,8015.35888671875,54747400,7992.9052734375
2023-12-05,BBCA,8037.809235647823,8037.809235647823,7925.549330122016,7992.9052734375,94363900,7903.09912109375
2023-12-06,BBCA,7948.003093372692,8037.811037930575,7903.09912109375,7903.09912109375,81852800,7925.5498046875
2023-12-07,BBCA,7858.193857338881,7925.5498046875,7835.741874889341,7925.5498046875,91322500,7858.1943359375
2023-12-08,BBCA,7903.098303571429,7948.002271205357,7858.1943359375,7858.1943359375,43891600,7858.1943359375
2023-12-11,BBCA,7790.838384486607,7880.646319754464,7790.838384486607,7858.1943359375,78642800,7813.2900390625
2023-12-12,BBCA,7813.2900390625,7858.194004804239,7813.2900390625,7813.2900390625,87589300,7790.837890625
2023-12-13,BBCA,7813.289873018733,7858.193837806196,7790.837890625,7790.837890625,51560500,8127.61767578125
2023-12-14,BBCA,7880.645867953643,8127.61767578125,7858.193885423861,8127.61767578125,115332800,8284.7822265625
2023-12-15,BBCA,8194.974289147189,8284.7822265625,8150.070320439533,8284.7822265625,275013500,8262.330078125
2023-12-18,BBCA,8262.330078125,8284.782062032948,8217.426110309103,8262.330078125,111712200,8307.234375
2023-12-19,BBCA,8194.974451013513,8307.234375,8194.974451013513,8307.234375,65174500,8352.1376953125
2023-12-20,BBCA,8307.233729208669,8352.1376953125,8284.781746156754,8352.1376953125,72938100,8374.58984375
2023-12-21,BBCA,8352.137860254692,8374.58984375,8307.233893264076,8374.58984375,88116700,8374.58984375
2023-12-22,BBCA,8329.685876759384,8397.041827245308,8329.685876759384,8374.58984375,64449600,8419.4931640625
2023-12-27,BBCA,8419.4931640625,8441.945145833333,8374.589200520833,8419.4931640625,64464700,8441.9462890625
2023-12-28,BBCA,8374.59033462849,8464.398273873836,8374.59033462849,8441.9462890625,70184600,8441.9462890625
2023-12-29,BBCA,8464.398273873836,8486.850258685174,8397.042319439828,8441.9462890625,79903400,8464.3974609375
2024-01-02,BBCA,8441.945478282492,8464.3974609375,8397.04151297248,8464.3974609375,30545200,8397.0419921875
2024-01-03,BBCA,8464.397943996491,8464.397943996491,8374.590008251169,8397.0419921875,34603300,8509.3037109375
2024-01-04,BBCA,8441.947744887862,8509.3037109375,8419.495756204651,8509.3037109375,56501800,8599.109375
2024-01-05,BBCA,8531.75342689295,8621.56135770235,8509.301444190602,8599.109375,85290100,8599.109375
2024-01-08,BBCA,8621.56135770235,8644.013340404701,8509.301444190602,8599.109375,50896000,8644.0146484375
2024-01-09,BBCA,8621.562662337663,8644.0146484375,8599.110676237824,8644.0146484375,59848600,8576.6591796875
2024-01-10,BBCA,8666.467129213022,8666.467129213022,8576.6591796875,8576.6591796875,52774900,8599.109375
2024-01-11,BBCA,8644.013340404701,8666.46532310705,8599.109375,8599.109375,39381500,8711.3701171875
2024-01-12,BBCA,8666.466147511275,8711.3701171875,8621.56217783505,8711.3701171875,68253400,8733.8212890625
2024-01-15,BBCA,8756.273271810733,8756.273271810733,8666.465340817802,8733.8212890625,88399500,8711.3701171875
2024-01-16,BBCA,8711.3701171875,8756.274086863725,8688.918132349389,8711.3701171875,44869200,8756.2734375
2024-01-17,BBCA,8756.2734375,8756.2734375,8666.465504807693,8756.2734375,107706100,8688.91796875
2024-01-18,BBCA,8688.91796875,8756.273921996124,8644.01399991925,8688.91796875,71048900,8644.0146484375
2024-01-19,BBCA,8778.726565036526,8778.726565036526,8621.562662337663,8644.0146484375,63176500,8644.0146484375
2024-01-22,BBCA,8621.562662337663,8666.466634537337,8554.20670403815,8644.0146484375,52868300,8621.5615234375
2024-01-23,BBCA,8486.849624633789,8621.5615234375,8486.849624633789,8621.5615234375,92348600,8554.205078125
2024-01-24,BBCA,8621.561023622047,8621.561023622047,8509.301114460302,8554.205078125,84906000,8531.75390625
2024-01-25,BBCA,8486.849938322368,8599.109858141446,8486.849938322368,8531.75390625,63212700,8397.0419921875
2024-01-26,BBCA,8441.94596006016,8486.84992793282,8352.13802431484,8397.0419921875,78977300,8576.6591796875
2024-01-29,BBCA,8441.947255399215,8576.6591796875,8419.495268017834,8576.6591796875,73452800,8666.4658203125
2024-01-30,BBCA,8531.753916369818,8666.4658203125,8509.301932379372,8666.4658203125,73136400,8576.6591796875
2024-01-31,BBCA,8711.371103975785,8711.371103975785,8576.6591796875,8576.6591796875,102581200,8711.3701171875
2024-02-01,BBCA,8666.466147511275,8733.822102025611,8599.110192996939,8711.3701171875,104208700,8711.3701171875
2024-02-02,BBCA,8778.726071701836,8801.178056539948,8644.014162673164,8711.3701171875,99324000,8599.109375
2024-02-05,BBCA,8688.9173058094,8688.9173058094,8554.2054095953,8599.109375,57983300,8644.0146484375
2024-02-06,BBCA,8756.274578936687,8756.274578936687,8644.0146484375,8644.0146484375,87651000,8711.3701171875
2024-02-07,BBCA,8711.3701171875,8733.822102025611,8666.466147511275,8711.3701171875,92953500,8801.1767578125
2024-02-12,BBCA,8756.272794762437,8801.1767578125,8711.368831712372,8801.1767578125,87949400,8733.8212890625
2024-02-13,BBCA,8756.273271810733,8801.177237307198,8711.369306314267,8733.8212890625,66072400,8846.08203125
2024-02-15,BBCA,8935.889970653552,8958.34195550444,8846.08203125,8846.08203125,164748900,8935.8896484375
2024-02-16,BBCA,8958.341632478801,8980.7936165201,8868.5336963136,8935.8896484375,142277200,8868.533203125
2024-02-19,BBCA,8890.985185917722,8958.341134295886,8823.629237539557,8868.533203125,53341300,9003.24609375
2024-02-20,BBCA,8846.082196851621,9003.24609375,8846.082196851621,9003.24609375,63997700,8958.341796875
2024-02-21,BBCA,8935.88981242168,8980.79378132832,8846.081874608397,8958.341796875,75371600,8868.533203125
2024-02-22,BBCA,8958.341134295886,8958.341134295886,8868.533203125,8868.533203125,66913000,8823.62890625
2024-02-23,BBCA,8890.984852099236,8913.436834048982,8801.176924300255,8823.62890625,55192300,8801.1767578125
2024-02-26,BBCA,8756.272794762437,8868.532702387596,8733.820813237404,8801.1767578125,41356000,8868.533203125
2024-02-27,BBCA,8756.273289161392,8890.985185917722,8756.273289161392,8868.533203125,43735800,8980.7939453125
2024-02-28,BBCA,8958.34196044922,8980.7939453125,8890.986005859375,8980.7939453125,54043100,8868.533203125
2024-02-29,BBCA,8980.793117088608,8980.793117088608,8846.081220332278,8868.533203125,126671200,8823.62890625
2024-03-01,BBCA,8890.984852099236,8913.436834048982,8801.176924300255,8823.62890625,51520600,8756.2734375
2024-03-04,BBCA,8801.177403846154,8823.629387019231,8756.2734375,8756.2734375,43822900,8801.1767578125
2024-03-05,BBCA,8890.984683912628,8890.984683912628,8778.724776287469,8801.1767578125,61952900,8935.8896484375
2024-03-06,BBCA,8890.9856803549,8980.7936165201,8778.725760148398,8935.8896484375,70242200,9093.052734375
2024-03-07,BBCA,9025.696788194444,9137.95669849537,8980.792824074075,9093.052734375,118369300,9115.5068359375
2024-03-08,BBCA,9205.314785060036,9250.218759621306,9093.054848656866,9115.5068359375,100947200,8980.7939453125
2024-03-13,BBCA,9340.025703125,9340.025703125,8980.7939453125,8980.7939453125,141622600,9272.6689453125
2024-03-14,BBCA,9025.697133209746,9272.6689453125,9003.245150291314,9272.6689453125,110681100,9115.5068359375
2024-03-15,BBCA,9160.410810498768,9250.218759621306,9025.698886814964,9115.5068359375,154176800,9115.5068359375
2024-03-18,BBCA,9137.958823218134,9227.76677234067,9115.5068359375,9115.5068359375,62444100,9137.95703125
2024-03-19,BBCA,9115.505048372235,9205.312979883292,9115.505048372235,9137.95703125,55004800,9093.052734375
2024-03-20,BBCA,9070.600752314816,9115.504716435184,9048.14877025463,9093.052734375,66269700,9093.052734375
2024-03-21,BBCA,9137.95669849537,9182.860662615742,9025.696788194444,9093.052734375,90279400,9070.6015625
2024-03-22,BBCA,8980.793626237624,9093.053546565594,8935.889658106436,9070.6015625,91968200,9256.654296875
2024-03-25,BBCA,9256.654296875,9256.654296875,9118.838103869415,9256.654296875,66971000,9233.6845703125
2024-03-26,BBCA,9233.6845703125,9233.6845703125,9141.807111901431,9233.6845703125,65742700,9256.654296875
2024-03-27,BBCA,9210.71556587314,9256.654296875,9187.746200372208,9256.654296875,39514100,9256.654296875
2024-03-28,BBCA,9210.71556587314,9279.62366237593,9164.776834871278,9256.654296875,79229700,9049.9306640625
2024-04-01,BBCA,9256.654968571542,9279.624335739214,9026.96129689483,9049.9306640625,79248700,9095.8681640625
2024-04-02,BBCA,9118.837528113165,9141.806892163826,9003.990707859848,9095.8681640625,76763100,8751.328125
2024-04-03,BBCA,8958.052411417322,9003.991141732284,8751.328125,8751.328125,177418400,9049.9306640625
2024-04-04,BBCA,8797.267625218115,9049.9306640625,8797.267625218115,9049.9306640625,75993500,9026.9599609375
2024-04-05,BBCA,9141.806779778944,9141.806779778944,9026.9599609375,9026.9599609375,70428600,8705.388671875
2024-04-16,BBCA,8590.54185562335,8797.26612487632,8498.664402622033,8705.388671875,283265900,8751.328125
2024-04-17,BBCA,8774.29749015748,8889.144315944883,8751.328125,8751.328125,95620700,8705.388671875
2024-04-18,BBCA,8751.32739837566,8797.26612487632,8682.41930862467,8705.388671875,127134000,8705.388671875
2024-04-19,BBCA,8590.54185562335,8728.35803512533,8544.603129122692,8705.388671875,147784300,8590.5419921875
2024-04-22,BBCA,8636.48071941845,8659.450083033924,8590.5419921875,8590.5419921875,128908000,8935.08203125
2024-04-23,BBCA,8636.480318123393,8981.020756346401,8636.480318123393,8935.08203125,178833000,9141.8056640625
2024-04-24,BBCA,9026.958859237597,9141.8056640625,8958.05077634265,9141.8056640625,132832700,8981.0224609375
2024-04-25,BBCA,9187.746763107418,9187.746763107418,8912.114360214195,8981.0224609375,104874100,8843.205078125
2024-04-26,BBCA,8912.113169642857,9026.959988839286,8843.205078125,8843.205078125,100932900,9003.990234375
2024-04-29,BBCA,8751.327243104273,9049.928960060586,8751.327243104273,9003.990234375,90063500,9003.990234375
2024-04-30,BBCA,9233.683862802933,9233.683862802933,9003.990234375,9003.990234375,109623000,8774.296875
2024-05-02,BBCA,9095.867964659688,9095.867964659688,8728.35814790576,8774.296875,97079400,9049.9306640625
2024-05-03,BBCA,8958.053195391814,9049.9306640625,8889.145093888801,9049.9306640625,81200400,9003.990234375
2024-05-06,BBCA,9049.928960060586,9072.89832290338,8981.020871532206,9003.990234375,53076200,8912.1142578125
2024-05-07,BBCA,8912.1142578125,8958.052991100194,8843.20615788096,8912.1142578125,66746800,8613.5126953125
2024-05-08,BBCA,8820.237000000001,8912.11446875,8613.5126953125,8613.5126953125,112808900,8751.328125
2024-05-13,BBCA,8452.726377952757,8751.328125,8452.726377952757,8751.328125,145469900,8774.296875
2024-05-14,BBCA,8843.204965641362,8889.143692735603,8751.32751145288,8774.296875,95363500,8728.357421875
2024-05-15,BBCA,8728.357421875,8820.234868421052,8659.449336965461,8728.357421875,54741900,8820.236328125
2024-05-16,BBCA,8797.266962687174,8889.144424438477,8751.328231811523,8820.236328125,61126000,8958.0517578125
2024-05-17,BBCA,8820.235576923076,9049.92921173878,8797.266213441506,8958.0517578125,99848500,8705.388671875
2024-05-20,BBCA,8912.112941127969,9003.990394129289,8705.388671875,8705.388671875,87890100,8613.5126953125
2024-05-21,BBCA,8682.420796875,8797.2676328125,8613.5126953125,8613.5126953125,75311400,8659.4501953125
2024-05-22,BBCA,8705.388923139091,8797.266378792276,8567.572739659317,8659.4501953125,121712700,8544.603515625
2024-05-27,BBCA,8544.603515625,8613.511608492943,8521.634151335686,8544.603515625,128578500,8544.603515625
2024-05-28,BBCA,8544.603515625,8636.480972782258,8544.603515625,8544.603515625,73945700,8406.787109375
2024-05-29,BBCA,8521.633927809085,8567.57265518272,8406.787109375,8406.787109375,117351600,8268.9716796875
2024-05-30,BBCA,8268.9716796875,8498.665337456598,8062.247387695313,8268.9716796875,207115100,8498.6650390625
2024-05-31,BBCA,8360.848849239865,8498.6650390625,8291.940754328547,8498.6650390625,756431600,8521.634765625
2024-06-03,BBCA,8590.542863460243,8590.542863460243,8475.69603373484,8521.634765625,72197700,8590.5419921875
2024-06-04,BBCA,8751.327537495823,8751.327537495823,8590.5419921875,8590.5419921875,75353100,8682.4208984375
2024-06-05,BBCA,8728.359633349868,8728.359633349868,8544.604693700396,8682.4208984375,82087300,8705.388671875
2024-06-06,BBCA,8751.32739837566,8751.32739837566,8682.41930862467,8705.388671875,44991300,8567.572265625
2024-06-07,BBCA,8728.357804121984,8728.357804121984,8567.572265625,8567.572265625,51599800,8751.328125
2024-06-10,BBCA,8728.35875984252,8751.328125,8682.420029527559,8751.328125,45584700,8544.603515625
2024-06-11,BBCA,8774.297158518146,8774.297158518146,8544.603515625,8544.603515625,68690900,8498.6650390625
2024-06-12,BBCA,8544.603769003379,8567.573133973818,8498.6650390625,8498.6650390625,49785700,8452.7265625
2024-06-13,BBCA,8705.389584748642,8705.389584748642,8452.7265625,8452.7265625,84652200,8452.7265625
2024-06-14,BBCA,8452.7265625,8498.665293817934,8360.84909986413,8452.7265625,52986300,8314.9111328125
2024-06-19,BBCA,8498.666074974102,8498.666074974102,8314.9111328125,8314.9111328125,100051000,8659.4501953125
2024-06-20,BBCA,8406.787192266247,8659.4501953125,8360.848464439656,8659.4501953125,81474800,8820.236328125
2024-06-21,BBCA,8705.389500935873,8889.144424438477,8636.481404622396,8820.236328125,166841200,8820.236328125
2024-06-24,BBCA,8820.236328125,8958.052520751953,8797.266962687174,8820.236328125,79592300,8820.236328125
2024-06-25,BBCA,8820.236328125,8820.236328125,8682.420135498047,8820.236328125,80029000,8728.357421875
2024-06-26,BBCA,8751.326783511513,8866.17359169408,8682.418698601974,8728.357421875,77913200,8958.0517578125
2024-06-27,BBCA,8797.266213441506,8958.0517578125,8774.296849959936,8958.0517578125,89150700,9118.837890625
2024-06-28,BBCA,9003.991065806045,9164.776620552582,8981.021700842253,9118.837890625,166172300,9072.8984375
2024-07-01,BBCA,9049.929074367088,9095.86780063291,9026.959711234176,9072.8984375,68634600,9095.8681640625
2024-07-02,BBCA,9187.745620265152,9187.745620265152,9049.929435961174,9095.8681640625,78848500,9187.74609375
2024-07-03,BBCA,9164.776728515624,9187.74609375,9118.837998046874,9187.74609375,55860200,9026.9599609375
2024-07-04,BBCA,9164.776143547231,9187.745507315522,9026.9599609375,9026.9599609375,67054000,9141.8056640625
2024-07-05,BBCA,9118.83630309752,9164.77502502748,9072.897581167555,9141.8056640625,36946900,9233.6845703125
2024-07-08,BBCA,9187.745841106966,9233.6845703125,9141.807111901431,9233.6845703125,72903600,9256.654296875
2024-07-09,BBCA,9279.62366237593,9325.562393377792,9256.654296875,9256.654296875,61853200,9279.6240234375
2024-07-10,BBCA,9348.532122621442,9394.470855410736,9233.685290648204,9279.6240234375,62325900,9256.654296875
2024-07-11,BBCA,9187.746200372208,9302.59302787686,9187.746200372208,9256.654296875,55908400,9256.654296875
2024-07-12,BBCA,9233.68493137407,9279.62366237593,9210.71556587314,9256.654296875,62646500,9233.6845703125
2024-07-15,BBCA,9233.6845703125,9256.653934915268,9141.807111901431,9233.6845703125,36682600,9141.8056640625
2024-07-16,BBCA,9164.77502502748,9210.713746957445,9141.8056640625,9141.8056640625,37192700,9003.990234375
2024-07-17,BBCA,9095.867685746174,9141.80641143176,9003.990234375,9003.990234375,90666000,9279.6240234375
2024-07-18,BBCA,9003.991626701732,9279.6240234375,9003.991626701732,9279.6240234375,65383200,9302.591796875
2024-07-19,BBCA,9233.68370949074,9302.591796875,9164.77562210648,9302.591796875,53880300,9279.6240234375
2024-07-22,BBCA,9302.593389832147,9325.562756226796,9279.6240234375,9279.6240234375,31285300,9348.5322265625
2024-07-23,BBCA,9371.50159321253,9371.50159321253,9302.59349326244,9348.5322265625,39321100,9256.654296875
2024-07-24,BBCA,9302.59302787686,9348.531758878722,9256.654296875,9256.654296875,24658000,9463.37890625
2024-07-25,BBCA,9394.470807418082,9463.37890625,9371.501441140776,9463.37890625,98088100,9486.3486328125
2024-07-26,BBCA,9532.287367111834,9555.2567342615,9463.379265662832,9486.3486328125,75565800,9417.4404296875
2024-07-29,BBCA,9555.256631097562,9578.225997999238,9348.53232898247,9417.4404296875,69092500,9348.5322265625
2024-07-30,BBCA,9463.379059812652,9463.379059812652,9348.5322265625,9348.5322265625,32122900,9440.408203125
2024-07-31,BBCA,9509.316292198906,9509.316292198906,9394.46947707573,9440.408203125,82519900,9532.2861328125
2024-08-01,BBCA,9371.500583584337,9532.2861328125,9371.500583584337,9532.2861328125,61176200,9371.5
2024-08-02,BBCA,9440.408088235294,9509.31617647059,9371.5,9371.5,55699900,9072.8984375
2024-08-05,BBCA,9187.745253164556,9325.561431962024,9072.8984375,9072.8984375,126328300,9187.74609375
2024-08-06,BBCA,9256.654189453126,9256.654189453126,9141.80736328125,9187.74609375,78473900,9279.6240234375
2024-08-07,BBCA,9187.74655785891,9279.6240234375,9187.74655785891,9279.6240234375,52327400,9394.4697265625
2024-08-08,BBCA,9325.56163565862,9394.4697265625,9256.653544754738,9394.4697265625,54162100,9325.5615234375
2024-08-09,BBCA,9394.46961351216,9417.438976870382,9279.62279672106,9325.5615234375,47062400,9371.5
2024-08-12,BBCA,9279.622549019608,9371.5,9256.65318627451,9371.5,40364100,9463.37890625
2024-08-13,BBCA,9417.440173695388,9463.37890625,9348.532074863471,9463.37890625,55207100,9371.5
2024-08-14,BBCA,9463.377450980392,9463.377450980392,9371.5,9371.5,47999100,9394.4697265625
2024-08-15,BBCA,9371.500362927873,9463.377817466382,9348.530999293249,9394.4697265625,33396600,9486.3486328125
2024-08-16,BBCA,9463.379265662832,9486.3486328125,9417.440531363498,9486.3486328125,40731400,9532.2861328125
2024-08-19,BBCA,9486.347404461596,9578.224861163404,9440.408676110692,9532.2861328125,51054400,9578.224609375
2024-08-20,BBCA,9486.34715508843,9601.193972946645,9463.377791516788,9578.224609375,60304400,9578.224609375
2024-08-21,BBCA,9647.13270008993,9647.13270008993,9578.224609375,9578.224609375,84848800,9486.3486328125
2024-08-22,BBCA,9509.317999962166,9555.2567342615,9394.471164213832,9486.3486328125,56611600,9486.3486328125
2024-08-23,BBCA,9486.3486328125,9532.287367111834,9463.379265662832,9486.3486328125,46651600,9486.3486328125
2024-08-26,BBCA,9440.409898513166,9532.287367111834,9417.440531363498,9486.3486328125,35145600,9371.5
2024-08-27,BBCA,9440.408088235294,9463.377450980392,9348.530637254902,9371.5,60448400,9509.3154296875
2024-08-28,BBCA,9463.376707804951,9509.3154296875,9417.437985922405,9509.3154296875,38489900,9394.4697265625
2024-08-29,BBCA,9647.1327265434,9647.1327265434,9394.4697265625,9394.4697265625,53004700,9486.3486328125
2024-08-30,BBCA,9486.3486328125,9486.3486328125,9371.501797064164,9486.3486328125,158403700,9440.408203125
2024-09-02,BBCA,9532.28565522354,9532.28565522354,9371.500114051096,9440.408203125,72008600,9348.5322265625
2024-09-03,BBCA,9486.348426462684,9486.348426462684,9325.562859912468,9348.5322265625,50950200,9463.37890625
2024-09-04,BBCA,9325.562708586163,9463.37890625,9302.59334230886,9463.37890625,44817000,9417.4404296875
2024-09-05,BBCA,9509.317897294208,9509.317897294208,9417.4404296875,9417.4404296875,39332900,9463.37890625
2024-09-06,BBCA,9394.470807418082,9463.37890625,9394.470807418082,9463.37890625,31541800,9440.408203125
2024-09-09,BBCA,9463.377566149637,9509.316292198906,9371.500114051096,9440.408203125,36185100,9509.3154296875
2024-09-10,BBCA,9509.3154296875,9509.3154296875,9440.407346863678,9509.3154296875,55093100,9578.224609375
2024-09-11,BBCA,9578.224609375,9578.224609375,9509.316518660073,9578.224609375,64621300,9624.1640625
2024-09-12,BBCA,9601.194697195704,9647.133427804296,9532.286601282816,9624.1640625,70759100,9578.224609375
2024-09-13,BBCA,9555.255245803355,9578.224609375,9486.34715508843,9578.224609375,70057100,9647.1337890625
2024-09-17,BBCA,9601.195056733632,9647.1337890625,9509.317592075891,9647.1337890625,89745000,9761.98046875
2024-09-18,BBCA,9647.133639705882,9761.98046875,9601.194908088237,9761.98046875,65420200,10014.6435546875
2024-09-19,BBCA,9830.888627078555,10014.6435546875,9784.94989517632,10014.6435546875,140886600,9899.7958984375
2024-09-20,BBCA,10014.642718604988,10014.642718604988,9899.7958984375,9899.7958984375,142194600,10060.58203125
2024-09-23,BBCA,9853.857742936643,10060.58203125,9853.857742936643,10060.58203125,72553800,9922.765625
2024-09-24,BBCA,9899.796260127316,10060.581814236111,9899.796260127316,9922.765625,105191100,9968.7041015625
2024-09-25,BBCA,9807.9185515373,9968.7041015625,9670.102365801413,9968.7041015625,158369100,9830.888671875
2024-09-26,BBCA,9991.67423426548,9991.67423426548,9807.919305819218,9830.888671875,84960100,9784.94921875
2024-09-27,BBCA,9647.133032570422,9876.826676203053,9555.255575117371,9784.94921875,93027400,9486.3486328125
2024-09-30,BBCA,9624.164835710502,9693.072937159504,9486.3486328125,9486.3486328125,144692100,9693.0712890625
2024-10-01,BBCA,9555.255109597156,9693.0712890625,9532.285746352933,9693.0712890625,59797700,9647.1337890625
2024-10-02,BBCA,9486.34822591146,9693.072521391368,9486.34822591146,9647.1337890625,86746200,9601.1943359375
2024-10-03,BBCA,9601.1943359375,9670.102429257626,9555.255607057416,9601.1943359375,60887000,9624.1640625
2024-10-04,BBCA,9555.255966587112,9624.1640625,9509.31723597852,9624.1640625,58500400,9463.37890625
2024-10-07,BBCA,9509.317638804612,9532.287005081917,9417.440173695388,9463.37890625,91867900,9555.255859375
2024-10-08,BBCA,9371.500939002404,9647.1333195613,9325.562208909254,9555.255859375,99622900,9578.224609375
2024-10-09,BBCA,9555.255245803355,9670.10206366157,9555.255245803355,9578.224609375,56835200,9647.1337890625
2024-10-10,BBCA,9578.225690569196,9647.1337890625,9555.25632440476,9647.1337890625,51080000,9532.2861328125
2024-10-11,BBCA,9716.041046216114,9716.041046216114,9532.2861328125,9532.2861328125,44632100,9647.1337890625
2024-10-14,BBCA,9532.286958240327,9647.1337890625,9532.286958240327,9647.1337890625,31738600,9761.98046875
2024-10-15,BBCA,9693.07237132353,9761.98046875,9601.194908088237,9761.98046875,66635200,9624.1640625
2024-10-16,BBCA,9830.888350238663,9853.85771554296,9624.1640625,9624.1640625,63255900,9853.857421875
2024-10-17,BBCA,9693.071869536714,9922.765515734263,9647.133140297205,9853.857421875,66993300,9876.826171875
2024-10-18,BBCA,9991.672987827034,9991.672987827034,9853.856808684592,9876.826171875,56299600,9807.91796875
2024-10-21,BBCA,9968.703509221312,9968.703509221312,9807.91796875,9807.91796875,36472500,9647.1337890625
2024-10-22,BBCA,9624.164422898066,9739.01125372024,9624.164422898066,9647.1337890625,94799500,9784.94921875
2024-10-23,BBCA,9624.16366820716,9784.94921875,9624.16366820716,9784.94921875,48903000,9830.888671875
2024-10-24,BBCA,9853.858037930782,9968.704868209696,9830.888671875,9830.888671875,85341200,9876.826171875
2024-10-25,BBCA,9784.948719113372,9876.826171875,9761.979355922966,9876.826171875,34847500,9739.009765625
2024-10-28,BBCA,9945.734029517984,9945.734029517984,9739.009765625,9739.009765625,39061500,9647.1337890625
2024-10-29,BBCA,9670.103155226934,9716.041887555804,9647.1337890625,9647.1337890625,49680100,9509.3154296875
2024-10-30,BBCA,9440.407346863678,9555.254151570049,9440.407346863678,9509.3154296875,114484100,9417.4404296875
2024-10-31,BBCA,9486.34853039253,9624.164731802592,9417.4404296875,9417.4404296875,97553400,9578.224609375
2024-11-01,BBCA,9440.408427945144,9578.224609375,9440.408427945144,9578.224609375,47710000,9532.2861328125
2024-11-04,BBCA,9578.224861163404,9647.13295368976,9463.378040286145,9532.2861328125,49275700,9647.1337890625
2024-11-05,BBCA,9463.378859747025,9716.041887555804,9463.378859747025,9647.1337890625,50296500,9601.1943359375
2024-11-06,BBCA,9624.163700377543,9647.133064817584,9532.286242617374,9601.1943359375,50324900,9348.5322265625
2024-11-07,BBCA,9486.348426462684,9601.195259712838,9348.5322265625,9348.5322265625,131579100,9256.654296875
2024-11-08,BBCA,9371.501124379653,9394.470489880585,9233.68493137407,9256.654296875,92166100,9233.6845703125
2024-11-11,BBCA,9003.990924284826,9233.6845703125,9003.990924284826,9233.6845703125,128707600,9325.5615234375
2024-11-12,BBCA,9279.62279672106,9394.46961351216,9187.745343288178,9325.5615234375,80378500,9325.5615234375
2024-11-13,BBCA,9394.46961351216,9417.438976870382,9325.5615234375,9325.5615234375,62933100,9279.6240234375
2024-11-14,BBCA,9302.593389832147,9348.532122621442,9233.685290648204,9279.6240234375,56381400,9348.5322265625
2024-11-15,BBCA,9233.685393312346,9440.409693162625,9233.685393312346,9348.5322265625,63598200,9187.74609375
2024-11-18,BBCA,9256.654189453126,9302.592919921875,9187.74609375,9187.74609375,65716200,9118.837890625
2024-11-19,BBCA,9095.868525661208,9210.715350480164,9095.868525661208,9118.837890625,85295300,9256.654296875
2024-11-20,BBCA,9210.71556587314,9325.562393377792,9187.746200372208,9256.654296875,58584400,9095.0673828125
2024-11-21,BBCA,9233.570947017766,9233.570947017766,9095.0673828125,9095.0673828125,93181200,9095.0673828125
2024-11-22,BBCA,9164.319164915132,9187.403092282677,9095.0673828125,9095.0673828125,58396100,9395.158203125
2024-11-25,BBCA,9187.402862023955,9418.242129914004,9141.235008445943,9395.158203125,165369400,9233.5703125
2024-11-26,BBCA,9464.4095703125,9464.4095703125,9233.5703125,9233.5703125,62310100,9233.5703125
2024-11-28,BBCA,9210.48638671875,9302.82208984375,9164.31853515625,9233.5703125,57443500,9233.5703125
2024-11-29,BBCA,9233.5703125,9325.906015625,9187.4024609375,9233.5703125,76886000,9002.73046875
2024-12-02,BBCA,9233.56971153846,9279.737560096157,9002.73046875,9002.73046875,87879600,9418.2412109375
2024-12-03,BBCA,9256.65373918122,9441.325135474111,9141.23411649816,9418.2412109375,126087100,9418.2412109375
2024-12-04,BBCA,9395.157286400889,9464.409060010725,9279.737663717831,9418.2412109375,97876300,9464.41015625
2024-12-05,BBCA,9464.41015625,9556.745865091463,9441.326229039634,9464.41015625,96904400,9302.822265625
2024-12-06,BBCA,9325.90619184243,9395.157970494727,9279.738339407568,9302.822265625,68247200,9556.744140625
2024-12-09,BBCA,9256.653141040157,9556.744140625,9233.56921799517,9556.744140625,64458400,9556.744140625
2024-12-10,BBCA,9533.660217580013,9556.744140625,9487.492371490036,9556.744140625,61230400,9625.99609375
2024-12-11,BBCA,9441.324705860312,9625.99609375,9441.324705860312,9625.99609375,37934300,9395.158203125
2024-12-12,BBCA,9510.577837070025,9579.82961743704,9395.158203125,9395.158203125,44780100,9279.73828125
2024-12-13,BBCA,9348.990059468284,9441.325763759329,9256.65435517724,9279.73828125,75126400,9325.90625
2024-12-16,BBCA,9233.570544554455,9348.990176361389,9233.570544554455,9325.90625,57746100,9141.234375
2024-12-17,BBCA,9187.402225378788,9279.737926136364,9141.234375,9141.234375,99845900,9048.8984375
2024-12-18,BBCA,9141.234135841836,9256.653758769133,9048.8984375,9048.8984375,84868500,8933.4794921875
2024-12-19,BBCA,8956.563418523901,9025.815197533107,8818.059860505491,8933.4794921875,104254100,8910.3955078125
2024-12-20,BBCA,8910.3955078125,9002.731212556671,8887.311581626458,8910.3955078125,91576900,9025.8154296875
2024-12-23,BBCA,8956.56364889706,9095.06721047794,8956.56364889706,9025.8154296875,43292100,9002.73046875
2024-12-24,BBCA,9095.066165865384,9141.234014423077,9002.73046875,9002.73046875,32415700,9048.8984375
2024-12-27,BBCA,9048.8984375,9071.98236208546,8979.646663743622,9048.8984375,24016700,8933.4794921875
