date,stock,open,high,low,close,volume,sentiment_score,target_close_h1
2023-01-02,BBRI,3631.2566108468623,3638.652245492172,3564.6958990390785,3601.674072265625,100200100,0,3586.8828125
2023-01-03,BBRI,3572.091543170104,3623.8609858247423,3572.091543170104,3586.8828125,95136500,0,3527.717529296875
2023-01-04,BBRI,3586.8826031634894,3586.8826031634894,3527.717529296875,3527.717529296875,188071000,0,3431.57470703125
2023-01-05,BBRI,3512.926693620353,3520.322328764817,3379.805261020003,3431.57470703125,292142000,0,3416.783203125
2023-01-06,BBRI,3365.013760653409,3431.5744724025976,3365.013760653409,3416.783203125,175932000,0,3394.596435546875
2023-01-09,BBRI,3387.200800611043,3431.574610226035,3365.013895803548,3394.596435546875,166164900,0,3317.46337890625
2023-01-10,BBRI,3407.326946732153,3422.30420803647,3302.4861176019326,3317.46337890625,282510000,0,3280.020263671875
2023-01-11,BBRI,3302.4861558888056,3317.46341736676,3265.043002193921,3280.020263671875,211610100,0,3369.884033203125
2023-01-12,BBRI,3354.906770833333,3384.861295572917,3302.4863525390624,3369.884033203125,210887800,0,3354.906494140625
2023-01-13,BBRI,3377.37238584246,3392.349646977016,3309.974710736956,3354.906494140625,134592100,0,3384.861328125
2023-01-16,BBRI,3317.4636468127765,3392.349959381914,3309.975015555863,3384.861328125,172170900,0,3414.81591796875
2023-01-17,BBRI,3384.861392372533,3429.7931807668588,3377.3727609734788,3414.81591796875,150577400,0,3444.77001953125
2023-01-18,BBRI,3414.8154976222827,3459.7472804857334,3414.8154976222827,3444.77001953125,178026000,0,3452.2587890625
2023-01-19,BBRI,3437.2815275047456,3467.236050620256,3429.792896725868,3452.2587890625,117204100,0,3482.21337890625
2023-01-20,BBRI,3467.236117061492,3497.190640751008,3459.747486139113,3482.21337890625,116038300,0,3459.74755859375
2023-01-24,BBRI,3489.702082910579,3504.6793450689934,3437.281665356128,3459.74755859375,81964700,0,3414.81591796875
2023-01-25,BBRI,3459.747706363076,3459.747706363076,3407.327286569696,3414.81591796875,84009300,0,3437.28173828125
2023-01-26,BBRI,3414.8158445669937,3459.7476319955067,3407.3272133289083,3437.28173828125,113840400,0,3474.724853515625
2023-01-27,BBRI,3444.7703289163524,3504.679378114897,3444.7703289163524,3474.724853515625,178282600,0,3452.2587890625
2023-01-30,BBRI,3482.21331217801,3504.679204514642,3422.3042659469907,3452.2587890625,185972400,0,3429.79296875
2023-01-31,BBRI,3452.258861558406,3459.7474924945413,3422.3043378138645,3429.79296875,280039200,0,3504.67919921875
2023-02-01,BBRI,3467.236045380943,3512.1678299863115,3459.7474146133814,3504.67919921875,181849300,0,3444.77001953125
2023-02-02,BBRI,3482.213171917459,3504.6790633491846,3444.77001953125,3444.77001953125,145413400,0,3557.099609375
2023-02-03,BBRI,3482.213301809211,3579.565501644737,3467.236040296053,3557.099609375,198479900,0,3549.61083984375
2023-02-06,BBRI,3579.565361698972,3602.031253090388,3504.679057060918,3549.61083984375,141366300,0,3557.099609375
2023-02-07,BBRI,3549.610978618421,3587.054132401316,3534.633717105264,3557.099609375,140923100,0,3587.054443359375
2023-02-08,BBRI,3527.1453921132893,3587.054443359375,3527.1453921132893,3587.054443359375,168599500,0,3602.03125
2023-02-09,BBRI,3587.053989085239,3624.497141372141,3572.076728170478,3602.03125,177400700,0,3639.474853515625
2023-02-10,BBRI,3624.497590743956,3654.4521162872943,3572.0771710431136,3639.474853515625,181146600,0,3594.54345703125
2023-02-13,BBRI,3669.4297790527344,3669.4297790527344,3594.54345703125,3594.54345703125,144569400,0,3646.96337890625
2023-02-14,BBRI,3609.520223065323,3646.96337890625,3602.031591897138,3646.96337890625,120995200,0,3646.96337890625
2023-02-15,BBRI,3661.9406412426206,3661.9406412426206,3602.031591897138,3646.96337890625,84568100,0,3646.96337890625
2023-02-16,BBRI,3661.9406412426206,3661.9406412426206,3631.98611656988,3646.96337890625,69966200,0,3654.45166015625
2023-02-17,BBRI,3661.9402906073897,3661.9402906073897,3617.0085079005503,3654.45166015625,104019300,0,3654.45166015625
2023-02-20,BBRI,3669.428921058529,3669.428921058529,3624.4971383516895,3654.45166015625,88432500,0,3609.52001953125
2023-02-21,BBRI,3654.451804006743,3654.451804006743,3609.52001953125,3609.52001953125,59319100,0,3564.588134765625
2023-02-22,BBRI,3587.054026371291,3602.0312874417345,3542.1222431599595,3564.588134765625,107327900,0,3594.54345703125
2023-02-23,BBRI,3602.0320892333984,3602.0320892333984,3542.123031616211,3594.54345703125,139144500,0,3564.588134765625
2023-02-24,BBRI,3594.542656906513,3624.497179047401,3564.588134765625,3564.588134765625,46409300,0,3602.03125
2023-02-27,BBRI,3579.5653586278586,3602.03125,3564.588097713098,3602.03125,89918800,0,3497.1904296875
2023-02-28,BBRI,3564.5881039213064,3587.053995332575,3497.1904296875,3497.1904296875,273125500,0,3534.6337890625
2023-03-01,BBRI,3542.1224199715307,3557.099681789592,3519.6565272444386,3534.6337890625,115578600,0,3579.5654296875
2023-03-02,BBRI,3557.0995378693774,3579.5654296875,3534.633646051256,3579.5654296875,59377900,0,3564.588134765625
2023-03-03,BBRI,3594.542656906513,3594.542656906513,3542.1222431599595,3564.588134765625,84777000,0,3587.054443359375
2023-03-06,BBRI,3587.054443359375,3594.543074765136,3579.5658119536142,3587.054443359375,78292000,0,3624.497802734375
2023-03-07,BBRI,3572.077379967556,3631.9864345582064,3572.077379967556,3624.497802734375,111953700,0,3624.497802734375
2023-03-08,BBRI,3631.9864345582064,3631.9864345582064,3609.520539086712,3624.497802734375,125766100,0,3602.03125
2023-03-09,BBRI,3639.474402286902,3646.963032744283,3602.03125,3602.03125,79549800,0,3609.52001953125
2023-03-10,BBRI,3609.52001953125,3617.0086502771655,3594.54275803942,3609.52001953125,125140500,0,3617.0087890625
2023-03-13,BBRI,3602.0315269959888,3646.963313195523,3572.077002862966,3617.0087890625,106769300,0,3527.145263671875
2023-03-14,BBRI,3572.0770504702427,3587.0543127363653,3512.1680014057524,3527.145263671875,192444400,0,3519.656982421875
2023-03-15,BBRI,3564.588773686836,3572.0774055643287,3519.656982421875,3519.656982421875,107761200,0,3542.1220703125
2023-03-16,BBRI,3519.656179803118,3557.099330652088,3474.724398784355,3542.1220703125,155984500,0,3669.42919921875
2023-03-17,BBRI,3572.0769959741706,3669.4291992187495,3557.099733936543,3669.42919921875,267753300,0,3654.45166015625
2023-03-20,BBRI,3624.4971383516895,3654.4516601562495,3609.5198774494106,3654.45166015625,113829400,0,3669.42919921875
2023-03-21,BBRI,3646.963306162309,3684.4064612563775,3624.497413105867,3669.42919921875,214639300,0,3748.984130859375
2023-03-24,BBRI,3733.265119828518,3788.281658436517,3709.6866032822327,3748.984130859375,266103900,0,3725.405517578125
2023-03-27,BBRI,3733.2650228894713,3764.703044134857,3709.686506955432,3725.405517578125,144925200,0,3748.984130859375
2023-03-28,BBRI,3725.405614313089,3756.8436363748033,3725.405614313089,3748.984130859375,105217100,0,3780.421875
2023-03-29,BBRI,3772.56237006237,3788.28137993763,3748.98385524948,3780.421875,141800500,0,3733.26513671875
2023-03-30,BBRI,3780.422170024671,3780.422170024671,3725.4056311677614,3733.26513671875,98847200,0,3717.5458984375
2023-03-31,BBRI,3717.5458984375,3733.264908578885,3701.826888296115,3717.5458984375,161561800,0,3772.563232421875
2023-04-03,BBRI,3748.984712219238,3772.563232421875,3741.125205485026,3772.563232421875,133511700,0,3788.28173828125
2023-04-04,BBRI,3772.562726919087,3788.28173828125,3741.124704194761,3788.28173828125,88097800,0,3796.141357421875
2023-04-05,BBRI,3780.422345589901,3835.438887001812,3772.5628396739135,3796.141357421875,119316500,0,3804.001220703125
2023-04-06,BBRI,3819.720234011816,3819.720234011816,3788.2822073944335,3804.001220703125,88012300,0,3819.719970703125
2023-04-10,BBRI,3819.719970703125,3819.719970703125,3788.281946252893,3819.719970703125,58886800,0,3835.4384765625
2023-04-11,BBRI,3819.7194664126537,3843.297981637423,3796.140951187884,3835.4384765625,67275600,0,3874.73583984375
2023-04-12,BBRI,3890.4548493360167,3890.4548493360167,3843.297820859216,3874.73583984375,194839900,0,3914.0341796875
2023-04-13,BBRI,3890.455660532756,3929.753192457329,3874.736647762927,3914.0341796875,141279800,0,3988.699462890625
2023-04-14,BBRI,3969.0506970635774,4008.348228717672,3929.7531654094814,3988.699462890625,190097200,0,3921.89306640625
2023-04-17,BBRI,3988.698860122589,3988.698860122589,3898.314550976954,3921.89306640625,121231300,0,3890.455078125
2023-04-18,BBRI,3921.8930989583337,3949.401367187501,3890.455078125001,3890.455078125,95747700,0,3949.4013671875
2023-04-26,BBRI,4047.645182291667,4047.645182291667,3874.736067708333,3949.4013671875,273336000,0,4047.645263671875
2023-04-27,BBRI,3921.8931778102246,4047.645263671875,3921.8931778102246,4047.645263671875,125947200,0,4008.347412109375
2023-04-28,BBRI,4067.293697581572,4145.888744877834,4008.347412109375,4008.347412109375,251912000,0,4047.645263671875
2023-05-02,BBRI,4067.294027087758,4067.294027087758,3969.050210008344,4047.645263671875,84246100,0,4008.347412109375
2023-05-03,BBRI,4106.591221229703,4106.591221229703,3969.049888461244,4008.347412109375,183524700,0,4047.645263671875
2023-05-04,BBRI,4047.645263671875,4067.294027087758,3988.6989734242266,4047.645263671875,140482000,0,4106.59130859375
2023-05-05,BBRI,4106.59130859375,4126.2400708358255,4027.9962596254486,4106.59130859375,182599600,0,4008.347412109375
2023-05-08,BBRI,4126.239983053769,4126.239983053769,3969.049888461244,4008.347412109375,107804200,0,4027.996337890625
2023-05-09,BBRI,3969.050050019055,4027.996337890625,3949.4012873951983,4027.996337890625,102987300,0,4047.645263671875
2023-05-10,BBRI,3988.6989734242266,4047.645263671875,3969.050210008344,4047.645263671875,108369600,0,4047.645263671875
2023-05-11,BBRI,4067.294027087758,4067.294027087758,4008.3477368401095,4047.645263671875,85618800,0,4047.645263671875
2023-05-12,BBRI,4008.3477368401095,4067.294027087758,4008.3477368401095,4047.645263671875,92625800,0,4047.645263671875
2023-05-15,BBRI,4047.645263671875,4067.294027087758,3949.4014465924606,4047.645263671875,163732600,0,4086.94287109375
2023-05-16,BBRI,4067.294107290415,4086.94287109375,4008.3478158804087,4086.94287109375,73611200,0,4086.94287109375
2023-05-17,BBRI,4126.240398700421,4126.240398700421,4067.294107290415,4086.94287109375,115834500,0,4244.1328125
2023-05-19,BBRI,4106.591471354167,4283.430338541667,4086.9427083333335,4244.1328125,185672200,0,4263.78173828125
2023-05-22,BBRI,4165.537919426844,4322.728029593894,4165.537919426844,4263.78173828125,162655900,0,4322.72802734375
2023-05-23,BBRI,4303.079263583097,4401.323082386363,4303.079263583097,4322.72802734375,255251600,0,4401.32275390625
2023-05-24,BBRI,4342.376467023577,4401.32275390625,4283.430180140904,4401.32275390625,187436100,0,4303.0791015625
2023-05-25,BBRI,4322.727864583334,4381.674153645834,4283.430338541667,4303.0791015625,224391900,0,4401.32275390625
2023-05-26,BBRI,4263.78141784668,4401.32275390625,4263.78141784668,4401.32275390625,154003100,0,4362.025390625
2023-05-29,BBRI,4401.322916666667,4420.9716796875,4303.0791015625,4362.025390625,125049100,0,4322.72802734375
2023-05-30,BBRI,4322.72802734375,4401.323082386363,4322.72802734375,4322.72802734375,67363200,0,4381.673828125
2023-05-31,BBRI,4381.673828125,4381.673828125,4224.48373563621,4381.673828125,898453700,0,4263.78173828125
2023-06-05,BBRI,4401.32308467742,4401.32308467742,4263.78173828125,4263.78173828125,255472600,0,4283.4306640625
2023-06-06,BBRI,4244.133135034404,4322.7281930905965,4204.835606006307,4283.4306640625,92019300,0,4244.1328125
2023-06-07,BBRI,4303.0791015625,4303.0791015625,4204.835286458334,4244.1328125,150377000,0,4303.0791015625
2023-06-08,BBRI,4224.484049479167,4303.0791015625,4204.835286458334,4303.0791015625,92794100,0,4263.78173828125
2023-06-09,BBRI,4263.78173828125,4283.430502052132,4224.484210739487,4263.78173828125,77251000,0,4244.1328125
2023-06-12,BBRI,4244.1328125,4244.1328125,4224.484049479167,4244.1328125,92314200,0,4362.025390625
2023-06-13,BBRI,4244.1328125,4362.025390625,4244.1328125,4362.025390625,108831400,0,4362.025390625
2023-06-14,BBRI,4381.674153645834,4381.674153645834,4303.0791015625,4362.025390625,79137600,0,4342.376953125
2023-06-15,BBRI,4303.079424137443,4342.376953125,4283.430659643665,4342.376953125,74388400,0,4362.025390625
2023-06-16,BBRI,4303.0791015625,4362.025390625,4244.1328125,4362.025390625,189062600,0,4342.376953125
2023-06-19,BBRI,4322.728188631222,4342.376953125,4283.430659643665,4342.376953125,55144200,0,4362.025390625
2023-06-20,BBRI,4303.0791015625,4362.025390625,4303.0791015625,4362.025390625,102926800,0,4381.673828125
2023-06-21,BBRI,4322.727543441704,4381.673828125,4322.727543441704,4381.673828125,84605400,0,4303.0791015625
2023-06-22,BBRI,4362.025390625,4401.322916666667,4303.0791015625,4303.0791015625,94143200,0,4244.1328125
2023-06-23,BBRI,4263.781575520834,4303.0791015625,4244.1328125,4244.1328125,123350300,0,4283.4306640625
2023-06-26,BBRI,4263.781899548451,4303.079428576548,4224.484370520356,4283.4306640625,85472100,0,4263.78173828125
2023-06-27,BBRI,4283.430502052132,4322.728029593894,4263.78173828125,4263.78173828125,110716500,0,4303.0791015625
2023-07-03,BBRI,4322.727864583334,4362.025390625,4283.430338541667,4303.0791015625,168559800,0,4283.4306640625
2023-07-04,BBRI,4322.7281930905965,4322.7281930905965,4263.781899548451,4283.4306640625,94462600,0,4283.4306640625
2023-07-05,BBRI,4244.133135034404,4283.4306640625,4244.133135034404,4283.4306640625,109632800,0,4263.78173828125
2023-07-06,BBRI,4283.430502052132,4303.079265823013,4244.1329745103685,4263.78173828125,109446200,0,4224.484375
2023-07-07,BBRI,4244.133139534883,4263.781904069767,4224.484375,4224.484375,114043800,0,4244.1328125
2023-07-10,BBRI,4263.781575520834,4322.727864583334,4244.1328125,4244.1328125,78972100,0,4263.78173828125
2023-07-11,BBRI,4224.484210739487,4283.430502052132,4224.484210739487,4263.78173828125,122094700,0,4283.4306640625
2023-07-12,BBRI,4283.4306640625,4303.079428576548,4263.781899548451,4283.4306640625,104993700,0,4283.4306640625
2023-07-13,BBRI,4263.781899548451,4303.079428576548,4263.781899548451,4283.4306640625,134905700,0,4342.376953125
2023-07-14,BBRI,4283.430659643665,4342.376953125,4263.781895149887,4342.376953125,127814200,0,4381.673828125
2023-07-17,BBRI,4362.025066563901,4420.971351247197,4342.376305002803,4381.673828125,166951300,0,4420.9716796875
2023-07-18,BBRI,4420.9716796875,4479.91796875,4401.322916666667,4420.9716796875,120810300,0,4420.9716796875
2023-07-20,BBRI,4381.674153645834,4440.620442708334,4362.025390625,4420.9716796875,111117300,0,4420.9716796875
2023-07-21,BBRI,4401.322916666667,4420.9716796875,4381.674153645834,4420.9716796875,63094600,0,4401.32275390625
2023-07-24,BBRI,4401.32275390625,4440.620278494699,4401.32275390625,4401.32275390625,62962500,0,4440.6201171875
2023-07-25,BBRI,4420.971355607024,4479.917640348451,4420.971355607024,4440.6201171875,111248100,0,4460.27001953125
2023-07-26,BBRI,4479.918786137115,4479.918786137115,4440.621252925385,4460.27001953125,76200300,0,4440.6201171875
2023-07-27,BBRI,4460.268878767975,4519.215163509402,4440.6201171875,4440.6201171875,109859200,0,4479.91796875
2023-07-28,BBRI,4420.9716796875,4479.91796875,4420.9716796875,4479.91796875,74036700,0,4440.6201171875
2023-07-31,BBRI,4479.917640348451,4479.917640348451,4440.6201171875,4440.6201171875,186727400,0,4479.91796875
2023-08-01,BBRI,4440.620442708334,4519.215494791667,4440.620442708334,4479.91796875,100137500,0,4479.91796875
2023-08-02,BBRI,4440.620442708334,4499.566731770834,4440.620442708334,4479.91796875,90611300,0,4479.91796875
2023-08-03,BBRI,4460.269205729167,4519.215494791667,4440.620442708334,4479.91796875,82775000,0,4381.673828125
2023-08-04,BBRI,4479.917635930493,4499.566397491592,4381.673828125,4381.673828125,150738500,0,4479.91796875
2023-08-07,BBRI,4401.322916666667,4499.566731770834,4381.674153645834,4479.91796875,88104900,0,4420.9716796875
2023-08-08,BBRI,4479.91796875,4519.215494791667,4401.322916666667,4420.9716796875,89189600,0,4479.91796875
2023-08-09,BBRI,4440.620442708334,4499.566731770834,4420.9716796875,4479.91796875,91930000,0,4479.91796875
2023-08-10,BBRI,4460.269205729167,4499.566731770834,4460.269205729167,4479.91796875,85474200,0,4440.6201171875
2023-08-11,BBRI,4460.268878767975,4479.917640348451,4440.6201171875,4440.6201171875,74321000,0,4440.6201171875
2023-08-14,BBRI,4440.6201171875,4460.268878767975,4381.673832446073,4440.6201171875,127358400,0,4381.673828125
2023-08-15,BBRI,4440.620112808296,4460.268874369394,4381.673828125,4381.673828125,89597300,0,4342.376953125
2023-08-16,BBRI,4362.025717618779,4381.674482112557,4283.430659643665,4342.376953125,188191900,0,4381.673828125
2023-08-18,BBRI,4322.727543441704,4401.322589686099,4322.727543441704,4381.673828125,121561200,0,4322.72802734375
2023-08-21,BBRI,4362.025554865057,4381.67431862571,4322.72802734375,4322.72802734375,91640000,0,4381.673828125
2023-08-22,BBRI,4322.727543441704,4420.971351247197,4322.727543441704,4381.673828125,101221500,0,4401.32275390625
2023-08-23,BBRI,4401.32275390625,4420.971516200474,4381.673991612026,4401.32275390625,78686900,0,4362.025390625
2023-08-24,BBRI,4420.9716796875,4420.9716796875,4362.025390625,4362.025390625,74407500,0,4401.32275390625
2023-08-25,BBRI,4362.025229317802,4401.32275390625,4342.376467023577,4401.32275390625,65096500,0,4362.025390625
2023-08-28,BBRI,4401.322916666667,4420.9716796875,4362.025390625,4362.025390625,37126600,0,4401.32275390625
2023-08-29,BBRI,4342.376467023577,4401.32275390625,4342.376467023577,4401.32275390625,57547200,0,4342.376953125
2023-08-30,BBRI,4401.323246606335,4401.323246606335,4322.728188631222,4342.376953125,171282700,0,4362.025390625
2023-08-31,BBRI,4342.376627604167,4362.025390625,4303.0791015625,4362.025390625,175088200,0,4381.673828125
2023-09-01,BBRI,4401.322589686099,4401.322589686099,4342.376305002803,4381.673828125,87366100,0,4420.9716796875
2023-09-04,BBRI,4401.322916666667,4420.9716796875,4381.674153645834,4420.9716796875,43898200,0,4420.9716796875
2023-09-05,BBRI,4420.9716796875,4440.620442708334,4401.322916666667,4420.9716796875,72464300,0,4381.673828125
2023-09-06,BBRI,4420.971351247197,4440.620112808296,4381.673828125,4381.673828125,106367800,0,4283.4306640625
2023-09-07,BBRI,4342.376957604644,4362.025722118692,4283.4306640625,4283.4306640625,157998600,0,4204.8349609375
2023-09-08,BBRI,4263.781245436624,4283.430006936332,4165.537437938085,4204.8349609375,243324500,0,4263.78173828125
2023-09-11,BBRI,4204.8354469686055,4263.78173828125,4165.537919426844,4263.78173828125,80474100,0,4224.484375
2023-09-12,BBRI,4283.430668604651,4303.079433139535,4224.484375,4224.484375,121654400,0,4244.1328125
2023-09-13,BBRI,4204.835286458334,4263.781575520834,4204.835286458334,4244.1328125,59408000,0,4263.78173828125
2023-09-14,BBRI,4185.186683197725,4263.78173828125,4185.186683197725,4263.78173828125,76831700,0,4224.484375
2023-09-15,BBRI,4244.133139534883,4283.430668604651,4224.484375,4224.484375,141455400,0,4185.1865234375
2023-09-18,BBRI,4204.835286458334,4244.1328125,4165.537760416667,4185.1865234375,61329000,0,4224.484375
2023-09-19,BBRI,4185.186845930232,4224.484375,4165.538081395349,4224.484375,50612700,0,4224.484375
2023-09-20,BBRI,4204.835610465116,4283.430668604651,4204.835610465116,4224.484375,98710100,0,4204.8349609375
2023-09-21,BBRI,4263.781245436624,4263.781245436624,4204.8349609375,4204.8349609375,68584900,0,4204.8349609375
2023-09-22,BBRI,4204.8349609375,4263.781245436624,4204.8349609375,4204.8349609375,83184100,0,4165.5380859375
2023-09-25,BBRI,4185.186850493809,4204.835615050118,4086.943027712264,4165.5380859375,120196700,0,4086.94287109375
2023-09-26,BBRI,4126.240398700421,4145.889162503756,4086.94287109375,4086.94287109375,180280600,0,4106.59130859375
2023-09-27,BBRI,4067.2937841096,4165.537595319976,4067.2937841096,4106.59130859375,119774700,0,4106.59130859375
2023-09-29,BBRI,4165.537595319976,4185.186357562052,4106.59130859375,4106.59130859375,140331100,0,4126.24072265625
2023-10-02,BBRI,4126.24072265625,4165.538253348214,4126.24072265625,4126.24072265625,81674600,0,4145.888671875
2023-10-03,BBRI,4126.239910396919,4165.53743335308,4126.239910396919,4145.888671875,54462700,0,4126.24072265625
2023-10-04,BBRI,4126.24072265625,4145.889488002232,4086.943191964285,4126.24072265625,121445000,0,4067.29443359375
2023-10-05,BBRI,4126.24072973279,4145.88949511247,4067.29443359375,4067.29443359375,116814800,0,4067.29443359375
2023-10-06,BBRI,4086.9431989734303,4126.24072973279,4067.29443359375,4067.29443359375,70202300,0,4027.996337890625
2023-10-09,BBRI,4086.9426257621953,4106.591388386052,4027.996337890625,4027.996337890625,144477000,0,4067.29443359375
2023-10-10,BBRI,4027.9969028343903,4126.24072973279,4027.9969028343903,4067.29443359375,98457000,0,4126.24072265625
2023-10-11,BBRI,4047.6456612723214,4145.889488002232,4047.6456612723214,4126.24072265625,100394800,0,4165.5380859375
2023-10-12,BBRI,4165.5380859375,4224.484379606427,4145.889321381191,4165.5380859375,174022400,0,4145.888671875
2023-10-13,BBRI,4145.888671875,4185.186194831161,4126.239910396919,4145.888671875,84648800,0,4126.24072265625
2023-10-16,BBRI,4185.187018694196,4185.187018694196,4126.24072265625,4126.24072265625,45782300,0,4047.645263671875
2023-10-17,BBRI,4126.240317335407,4145.88908075129,4047.645263671875,4047.645263671875,127287200,0,4047.645263671875
2023-10-18,BBRI,4027.996500255992,4106.591553919524,4027.996500255992,4047.645263671875,77217600,0,3929.7529296875
2023-10-19,BBRI,4008.34798828125,4047.645517578125,3929.7529296875,3929.7529296875,195831400,0,3969.050537109375
2023-10-20,BBRI,3914.033995010829,4008.3480671797647,3898.3149829826734,3969.050537109375,173353600,0,3929.7529296875
2023-10-23,BBRI,3929.7529296875,3988.699223632813,3921.893423828125,3929.7529296875,82756100,0,4008.347412109375
2023-10-24,BBRI,3929.7523648131128,4008.347412109375,3890.4548411649816,4008.347412109375,104021500,0,4067.29443359375
2023-10-25,BBRI,4008.348137454712,4086.9431989734303,4008.348137454712,4067.29443359375,142215000,0,3866.876708984375
2023-10-26,BBRI,4067.294099389053,4067.294099389053,3866.876708984375,3866.876708984375,330618800,0,3929.7529296875
2023-10-27,BBRI,3890.455400390625,3969.050458984375,3882.59589453125,3929.7529296875,129599800,0,3929.7529296875
2023-10-30,BBRI,3914.03391796875,3949.4016943359375,3906.174412109375,3929.7529296875,108523700,0,3898.31494140625
2023-10-31,BBRI,3914.03395326676,3929.752965127269,3898.31494140625,3898.31494140625,106760300,0,3796.141357421875
2023-11-01,BBRI,3866.876910665761,3898.314934329712,3796.141357421875,3796.141357421875,191567200,0,3929.7529296875
2023-11-02,BBRI,3882.59589453125,3988.699223632813,3859.017376953125,3929.7529296875,208075400,0,4008.347412109375
2023-11-03,BBRI,3949.401126637178,4067.293697581572,3949.401126637178,4008.347412109375,125504000,0,4086.94287109375
2023-11-06,BBRI,4008.3478158804087,4086.94287109375,4008.3478158804087,4086.94287109375,122333800,0,4126.24072265625
2023-11-07,BBRI,4106.591957310267,4145.889488002232,4067.294426618303,4126.24072265625,137039400,0,4106.59130859375
2023-11-08,BBRI,4086.942546351675,4126.2400708358255,4067.2937841096,4106.59130859375,86713700,0,4086.94287109375
2023-11-09,BBRI,4106.591634897085,4145.889162503756,4086.94287109375,4086.94287109375,66236400,0,3988.699462890625
2023-11-10,BBRI,4047.645760371767,4047.645760371767,3969.0506970635774,3988.699462890625,113811900,0,3949.4013671875
2023-11-13,BBRI,3988.698893229167,4027.9964192708335,3949.401367187501,3949.4013671875,63126900,0,3988.699462890625
2023-11-14,BBRI,3988.699462890625,4027.99699454472,3969.0506970635774,3988.699462890625,85419500,0,4126.24072265625
2023-11-15,BBRI,4086.943191964285,4165.538253348214,4067.294426618303,4126.24072265625,193790400,0,4126.24072265625
2023-11-16,BBRI,4145.889488002232,4145.889488002232,4067.294426618303,4126.24072265625,99488800,0,4106.59130859375
2023-11-17,BBRI,4067.2937841096,4126.2400708358255,4067.2937841096,4106.59130859375,70727500,0,4126.24072265625
2023-11-20,BBRI,4067.294426618303,4145.889488002232,4067.294426618303,4126.24072265625,54123600,0,4086.94287109375
2023-11-21,BBRI,4106.591634897085,4126.240398700421,4067.294107290415,4086.94287109375,104110500,0,4145.888671875
2023-11-22,BBRI,4067.2936259626777,4165.53743335308,4067.2936259626777,4145.888671875,103585500,0,4204.8349609375
2023-11-23,BBRI,4185.186199437792,4244.132483936916,4165.537437938085,4204.8349609375,174572400,0,4244.1328125
2023-11-24,BBRI,4244.1328125,4283.430338541667,4224.484049479167,4244.1328125,92571400,0,4204.8349609375
2023-11-27,BBRI,4263.781245436624,4283.430006936332,4204.8349609375,4204.8349609375,76019100,0,4204.8349609375
2023-11-28,BBRI,4185.186199437792,4263.781245436624,4185.186199437792,4204.8349609375,147993400,0,4165.5380859375
2023-11-29,BBRI,4204.835615050118,4224.484379606427,4165.5380859375,4165.5380859375,106197800,0,4145.888671875
2023-11-30,BBRI,4224.483717787322,4224.483717787322,4145.888671875,4145.888671875,224426400,0,4204.8349609375
2023-12-01,BBRI,4145.888676438376,4224.483722437209,4145.888676438376,4204.8349609375,99499500,0,4322.72802734375
2023-12-04,BBRI,4283.430499822443,4381.67431862571,4283.430499822443,4322.72802734375,235595700,0,4283.4306640625
2023-12-05,BBRI,4263.781899548451,4322.7281930905965,4263.781899548451,4283.4306640625,114689900,0,4263.78173828125
2023-12-06,BBRI,4263.78173828125,4283.430502052132,4244.1329745103685,4263.78173828125,119716700,0,4303.0791015625
2023-12-07,BBRI,4244.1328125,4303.0791015625,4244.1328125,4303.0791015625,102126600,0,4224.484375
2023-12-08,BBRI,4263.781904069767,4283.430668604651,4224.484375,4224.484375,130542600,0,4165.5380859375
2023-12-11,BBRI,4185.186850493809,4224.484379606427,4165.5380859375,4165.5380859375,124468600,0,4185.1865234375
2023-12-12,BBRI,4224.484049479167,4244.1328125,4185.1865234375,4185.1865234375,134501600,0,4165.5380859375
2023-12-13,BBRI,4165.5380859375,4204.835615050118,4145.889321381191,4165.5380859375,98881600,0,4362.025390625
2023-12-14,BBRI,4283.430338541667,4362.025390625,4263.781575520834,4362.025390625,239261700,0,4362.025390625
2023-12-15,BBRI,4381.674153645834,4401.322916666667,4362.025390625,4362.025390625,252448800,0,4322.72802734375
2023-12-18,BBRI,4381.67431862571,4381.67431862571,4322.72802734375,4322.72802734375,102780900,0,4362.025390625
2023-12-19,BBRI,4283.430338541667,4362.025390625,4283.430338541667,4362.025390625,135207300,0,4362.025390625
2023-12-20,BBRI,4479.91796875,4479.91796875,4362.025390625,4362.025390625,138470900,0,4381.673828125
2023-12-21,BBRI,4362.025066563901,4401.322589686099,4342.376305002803,4381.673828125,99049600,0,4460.27001953125
2023-12-22,BBRI,4440.621252925385,4479.918786137115,4401.323719713656,4460.27001953125,109411300,0,4420.9716796875
2023-12-27,BBRI,4479.91796875,4499.566731770834,4420.9716796875,4420.9716796875,122236700,0,4499.56689453125
2023-12-28,BBRI,4479.918130799672,4519.215658262828,4460.269367068096,4499.56689453125,121434600,0,4499.56689453125
2023-12-29,BBRI,4519.215658262828,4519.215658262828,4460.269367068096,4499.56689453125,93126000,0,4526.68798828125
2024-01-02,BBRI,4506.74663150468,4526.68798828125,4486.805274728111,4526.68798828125,91143100,0,4466.86328125
2024-01-03,BBRI,4486.804635184152,4506.745989118303,4466.86328125,4466.86328125,83659700,0,4546.62890625
2024-01-04,BBRI,4466.863486842105,4546.62890625,4446.922131990132,4546.62890625,92683500,0,4586.51123046875
2024-01-05,BBRI,4566.569877292799,4666.276643172555,4546.628524116848,4586.51123046875,134929600,0,4486.8046875
2024-01-08,BBRI,4586.511458333333,4626.394166666667,4486.8046875,4486.8046875,152015000,0,4546.62890625
2024-01-09,BBRI,4486.804841694079,4546.62890625,4486.804841694079,4546.62890625,105666200,0,4546.62890625
2024-01-10,BBRI,4486.804841694079,4546.62890625,4486.804841694079,4546.62890625,82626400,0,4586.51123046875
2024-01-11,BBRI,4586.51123046875,4626.393936820652,4546.628524116848,4586.51123046875,116804400,0,4666.27685546875
2024-01-12,BBRI,4626.394147302351,4666.27685546875,4606.45279321915,4666.27685546875,109715700,0,4646.33544921875
2024-01-15,BBRI,4666.276803078058,4706.159510796674,4606.452741500134,4646.33544921875,115126700,0,4646.33544921875
2024-01-16,BBRI,4646.33544921875,4686.218156937366,4606.452741500134,4646.33544921875,97074300,0,4606.45263671875
2024-01-17,BBRI,4646.335343530168,4646.335343530168,4586.5112833130415,4606.45263671875,107941600,0,4586.51123046875
2024-01-18,BBRI,4626.393936820652,4626.393936820652,4546.628524116848,4586.51123046875,87259100,0,4626.39404296875
2024-01-19,BBRI,4586.511335701778,4626.39404296875,4546.628628434806,4626.39404296875,75370700,0,4606.45263671875
2024-01-22,BBRI,4606.45263671875,4626.393990124459,4546.628576501624,4606.45263671875,97545600,0,4546.62890625
2024-01-23,BBRI,4546.62890625,4586.511615953948,4506.7461965460525,4546.62890625,122999700,0,4506.7451171875
2024-01-24,BBRI,4526.686467263551,4546.627817339601,4446.921066959348,4506.7451171875,104225000,0,4407.0390625
2024-01-25,BBRI,4446.921768947964,4506.74582861991,4407.0390625,4407.0390625,120478800,0,4327.27392578125
2024-01-26,BBRI,4347.215280277937,4367.156634774626,4307.332571284563,4327.27392578125,185244400,0,4446.921875
2024-01-29,BBRI,4307.332399103139,4446.921875,4307.332399103139,4446.921875,145629600,0,4486.8046875
2024-01-30,BBRI,4407.039270833333,4506.746041666666,4367.1565625,4486.8046875,150513700,0,4546.62890625
2024-01-31,BBRI,4566.570261101973,4606.452970805921,4526.687551398026,4546.62890625,245117200,0,4586.51123046875
2024-02-01,BBRI,4606.452583644701,4626.393936820652,4566.569877292799,4586.51123046875,156633900,0,4666.27685546875
2024-02-02,BBRI,4626.394147302351,4666.27685546875,4586.511439135951,4666.27685546875,177209700,0,4606.45263671875
2024-02-05,BBRI,4626.393990124459,4646.335343530168,4586.5112833130415,4606.45263671875,113760000,0,4646.33544921875
2024-02-06,BBRI,4706.159510796674,4706.159510796674,4626.394095359442,4646.33544921875,126704300,0,4666.27685546875
2024-02-07,BBRI,4666.27685546875,4706.159563635149,4646.33550138555,4666.27685546875,147005300,0,4805.8662109375
2024-02-12,BBRI,4686.218089503372,4805.8662109375,4666.276735931016,4805.8662109375,171514600,0,4785.9248046875
2024-02-13,BBRI,4825.807511393229,4825.807511393229,4746.042097981771,4785.9248046875,145852200,0,4885.6318359375
2024-02-15,BBRI,5005.279962531888,5005.279962531888,4865.690481505102,4885.6318359375,308685100,0,4905.57275390625
2024-02-16,BBRI,4905.57275390625,4945.45545922256,4885.631401248094,4905.57275390625,130814400,0,4865.6904296875
2024-02-19,BBRI,4885.631783907531,4925.514492347593,4845.749075467469,4865.6904296875,111382900,0,5025.22119140625
2024-02-20,BBRI,4925.514421735492,5025.22119140625,4925.514421735492,5025.22119140625,160872600,0,5025.22119140625
2024-02-21,BBRI,5045.162545340402,5085.045253208706,4965.397129603795,5025.22119140625,168423000,0,4985.33837890625
2024-02-22,BBRI,4985.33837890625,5025.2210859375,4965.397025390625,4985.33837890625,100256000,0,4885.6318359375
2024-02-23,BBRI,4885.6318359375,4925.514544802296,4825.807772640306,4885.6318359375,148643000,0,4925.5146484375
2024-02-26,BBRI,4865.690583881578,4945.456003289473,4845.749229029605,4925.5146484375,98920800,0,4885.6318359375
2024-02-27,BBRI,4885.6318359375,4945.455899234694,4885.6318359375,4885.6318359375,99187500,0,4965.3974609375
2024-02-28,BBRI,4865.690684613454,4965.3974609375,4865.690684613454,4965.3974609375,97236700,0,4885.6318359375
2024-02-29,BBRI,4905.573190369898,4945.455899234694,4885.6318359375,4885.6318359375,173774600,0,4885.6318359375
2024-03-01,BBRI,4925.514544802296,4925.514544802296,4845.749127072704,4885.6318359375,76286400,0,4825.8076171875
2024-03-04,BBRI,4885.631678557593,4885.631678557593,4825.8076171875,4825.8076171875,70354900,0,4885.6318359375
2024-03-05,BBRI,4865.690481505102,4925.514544802296,4845.749127072704,4885.6318359375,115084600,0,4945.4560546875
2024-03-06,BBRI,4865.690634450604,4945.4560546875,4865.690634450604,4945.4560546875,84108800,0,4965.3974609375
2024-03-07,BBRI,4945.456105672691,5005.280171467119,4945.456105672691,4965.3974609375,117724700,0,5065.10400390625
2024-03-08,BBRI,5005.279940867987,5104.986712598425,4985.3385865219,5065.10400390625,163060000,0,5104.98681640625
2024-03-13,BBRI,5065.104106903076,5144.869525909424,5065.104106903076,5104.98681640625,195173100,0,5092.5654296875
2024-03-14,BBRI,5113.266915174034,5133.9684006605685,5009.759487741361,5092.5654296875,271254000,0,4947.6552734375
2024-03-15,BBRI,4968.356759937239,5030.461219436455,4926.953786937762,4947.6552734375,305995800,0,4968.3564453125
2024-03-18,BBRI,4968.3564453125,5051.162386067708,4947.6549601236975,4968.3564453125,110564700,0,4968.3564453125
2024-03-19,BBRI,4968.3564453125,5009.759415690104,4947.6549601236975,4968.3564453125,114338600,0,5051.16259765625
2024-03-20,BBRI,4968.356653432377,5051.16259765625,4968.356653432377,5051.16259765625,120885400,0,5051.16259765625
2024-03-21,BBRI,5113.267055824154,5133.968541880123,5051.16259765625,5051.16259765625,136020000,0,5071.8642578125
2024-03-22,BBRI,5009.759797512756,5071.8642578125,5009.759797512756,5071.8642578125,46529200,0,5175.37158203125
2024-03-25,BBRI,5175.37158203125,5175.37158203125,5071.864150390625,5175.37158203125,115729600,0,5216.7744140625
2024-03-26,BBRI,5216.7744140625,5216.7744140625,5133.968470982143,5216.7744140625,120748400,0,5175.37158203125
2024-03-27,BBRI,5216.774554687499,5237.476041015625,5154.670095703124,5175.37158203125,73308900,0,5009.759765625
2024-03-28,BBRI,5051.162738894628,5133.968685433884,4989.058278990186,5009.759765625,288926900,0,4906.251953125
2024-04-01,BBRI,4968.356408227848,4989.057893262131,4823.44601298787,4906.251953125,217207800,0,4699.23779296875
2024-04-02,BBRI,4844.148209492016,4926.9541617910245,4657.834816819246,4699.23779296875,412180900,0,4657.83447265625
2024-04-03,BBRI,4616.431499565972,4699.237445746528,4575.028526475695,4657.83447265625,333518700,0,4719.93896484375
2024-04-04,BBRI,4678.535991467928,4761.3419382195725,4678.535991467928,4719.93896484375,131936100,0,4678.53515625
2024-04-05,BBRI,4657.833673257744,4719.938122234513,4657.833673257744,4678.53515625,178817800,0,4430.11767578125
2024-04-16,BBRI,4450.819160247517,4616.431035977657,4430.11767578125,4430.11767578125,600717500,0,4388.71533203125
2024-04-17,BBRI,4533.625743937942,4554.327231353184,4388.71533203125,4388.71533203125,244002000,0,4533.62548828125
2024-04-18,BBRI,4388.715084546233,4554.326974529109,4388.715084546233,4533.62548828125,247410700,0,4368.01318359375
2024-04-19,BBRI,4430.117636441055,4450.8191207234895,4347.311699311315,4368.01318359375,258211500,0,4388.71533203125
2024-04-22,BBRI,4305.909382370283,4409.416819446492,4264.5064075398,4388.71533203125,342282800,0,4388.71533203125
2024-04-23,BBRI,4430.118306861734,4471.521281692217,4326.610869785525,4388.71533203125,281403100,0,4326.6103515625
2024-04-24,BBRI,4347.311836498206,4430.117776241029,4264.505896755382,4326.6103515625,471241400,0,4264.50634765625
2024-04-25,BBRI,4243.804860531705,4305.90932190534,4181.700399158071,4264.50634765625,479170900,0,3999.52734375
2024-04-26,BBRI,4181.700431871118,4223.103406444099,3999.52734375,3999.52734375,782589900,0,3949.843505859375
2024-04-29,BBRI,3891.8793453960297,4049.210638082252,3875.3181566922167,3949.843505859375,700644800,0,4090.61376953125
2024-04-30,BBRI,4016.0884174547696,4181.700310958059,3991.246633429276,4090.61376953125,565609200,0,3941.56298828125
2024-05-02,BBRI,4065.771905979189,4074.0525004923848,3891.879421202075,3941.56298828125,636922100,0,3933.2822265625
2024-05-03,BBRI,3941.562820723684,3999.5269798519735,3900.159849917763,3933.2822265625,321697200,0,3966.40478515625
2024-05-06,BBRI,3974.685379697286,4007.80775786143,3916.721217910034,3966.40478515625,262707400,0,3867.037353515625
2024-05-07,BBRI,3949.8432925630686,3958.123886467813,3867.037353515625,3867.037353515625,304013600,0,3875.318359375
2024-05-08,BBRI,3850.476575020032,3925.001928084936,3784.231816740117,3875.318359375,572275800,0,3875.318359375
2024-05-13,BBRI,3850.476575020032,3891.8795489449785,3833.915385450053,3875.318359375,320067100,0,3916.720947265625
2024-05-14,BBRI,3908.440353296776,3982.9656990164176,3891.879165359078,3916.720947265625,341458900,0,3991.24658203125
2024-05-15,BBRI,3958.124203757132,4032.649554873898,3941.563014620073,3991.24658203125,298990300,0,4007.808349609375
2024-05-16,BBRI,4082.3337114822766,4107.175498773244,4007.808349609375,4007.808349609375,371295000,0,4074.052490234375
2024-05-17,BBRI,4007.807734295605,4107.17486820376,3991.246545310912,4074.052490234375,208991800,0,3991.24658203125
2024-05-20,BBRI,4132.016689696253,4181.70025710743,3991.24658203125,3991.24658203125,335150700,0,3875.318359375
2024-05-21,BBRI,3982.966091579861,4032.649660289797,3875.318359375,3875.318359375,271568800,0,3908.4404296875
2024-05-22,BBRI,3850.476270772643,3949.843400340969,3850.476270772643,3908.4404296875,215066000,0,3767.670654296875
2024-05-27,BBRI,3891.879576966003,3908.44076665522,3767.670654296875,3767.670654296875,363719300,0,3751.109130859375
2024-05-28,BBRI,3792.512101398662,3833.915071937948,3742.8285367515177,3751.109130859375,258070200,0,3651.7421875
2024-05-29,BBRI,3709.706349206349,3726.267538265306,3643.4615929705215,3651.7421875,465008500,0,3626.900390625
2024-05-30,BBRI,3643.461579623288,3709.706335616438,3568.936229130993,3626.900390625,502927800,0,3593.778076171875
2024-05-31,BBRI,3668.3034279818894,3701.42580656412,3585.4974815263176,3593.778076171875,655144100,0,3751.109130859375
2024-06-03,BBRI,3668.3031897808014,3775.950913182947,3643.4614074572296,3751.109130859375,345770100,0,3684.864501953125
2024-06-04,BBRI,3775.951040203652,3800.7928233628863,3684.864501953125,3684.864501953125,332902200,0,3643.46142578125
2024-06-05,BBRI,3726.26736727628,3726.26736727628,3643.46142578125,3643.46142578125,240788500,0,3726.267333984375
2024-06-06,BBRI,3684.8643636067695,3726.267333984375,3635.1807991536457,3726.267333984375,281534200,0,3602.058837890625
2024-06-07,BBRI,3717.987168305496,3726.267763335129,3602.058837890625,3602.058837890625,375439600,0,3643.46142578125
2024-06-10,BBRI,3602.058455033736,3668.303208229759,3577.216672585228,3643.46142578125,181387000,0,3593.778076171875
2024-06-11,BBRI,3626.900454754104,3676.584022627448,3593.778076171875,3593.778076171875,197854400,0,3602.058837890625
2024-06-12,BBRI,3593.778242860991,3610.339432920259,3568.9364577720903,3602.058837890625,187332500,0,3568.936279296875
2024-06-13,BBRI,3643.4616308367167,3660.022820067793,3560.655684681337,3568.936279296875,238349600,0,3461.28857421875
2024-06-14,BBRI,3560.655710320724,3577.2168996710525,3453.0079795435854,3461.28857421875,358893200,0,3395.043701171875
2024-06-19,BBRI,3395.043701171875,3510.9720226753047,3386.763106778773,3395.043701171875,410338400,0,3535.81396484375
2024-06-20,BBRI,3419.8856381275614,3535.81396484375,3419.8856381275614,3535.81396484375,387133400,0,3676.583984375
2024-06-21,BBRI,3544.0944714245493,3717.986957172016,3527.533282305743,3676.583984375,532713300,0,3643.46142578125
2024-06-24,BBRI,3676.5838023792617,3734.5479614257815,3643.46142578125,3643.46142578125,303830800,0,3626.900390625
2024-06-25,BBRI,3577.216823630137,3643.461579623288,3544.094445633561,3626.900390625,383572500,0,3618.619873046875
2024-06-26,BBRI,3635.181062397204,3668.3034410978617,3602.058683696546,3618.619873046875,150303400,0,3693.144775390625
2024-06-27,BBRI,3651.741807056649,3726.267150057805,3626.900026056264,3693.144775390625,299430600,0,3809.0732421875
2024-06-28,BBRI,3800.792648182744,3842.195618206522,3792.512054177989,3809.0732421875,581319300,0,3833.915283203125
2024-07-01,BBRI,3833.915283203125,3867.0376614597394,3775.951121254049,3833.915283203125,261421200,0,3784.231201171875
2024-07-02,BBRI,3817.3535749239263,3833.914761799952,3784.231201171875,3784.231201171875,234403100,0,3809.0732421875
2024-07-03,BBRI,3833.9150242017663,3842.195618206522,3775.950866168478,3809.0732421875,176310400,0,3966.40478515625
2024-07-04,BBRI,3875.318245204854,3999.527163320394,3858.7570561227817,3966.40478515625,422261500,0,3974.685791015625
2024-07-05,BBRI,4016.088768005371,4032.649958801269,3966.405195617676,3974.685791015625,218278000,0,3933.2822265625
2024-07-08,BBRI,3974.685197368421,3999.5269798519735,3925.001632401316,3933.2822265625,222042100,0,4032.6494140625
2024-07-09,BBRI,3958.1240655479983,4082.332979738835,3933.282282709831,4032.6494140625,291320400,0,4016.088134765625
2024-07-10,BBRI,4032.649322950225,4074.052293411727,4007.8075406733246,4016.088134765625,167619700,0,4007.808349609375
2024-07-11,BBRI,4065.772519954965,4074.053115718621,4007.808349609375,4007.808349609375,170461300,0,4057.4912109375
2024-07-12,BBRI,4115.45537109375,4123.7359654017855,4040.9300223214286,4057.4912109375,301125400,0,3991.24658203125
2024-07-15,BBRI,4074.0525277165457,4082.333122285075,3982.965987462721,3991.24658203125,188713000,0,3916.720947265625
2024-07-16,BBRI,3991.246292985267,4007.807480922965,3916.720947265625,3916.720947265625,189271400,0,3941.56298828125
2024-07-17,BBRI,3933.282393768054,3982.96596084723,3908.4406102284665,3941.56298828125,263325400,0,4049.210205078125
2024-07-18,BBRI,3941.562490014698,4049.210205078125,3933.2818965482807,4049.210205078125,296614900,0,4057.4912109375
2024-07-19,BBRI,4032.649428013393,4065.771805245536,4016.0882393973216,4057.4912109375,135104800,0,4065.77197265625
2024-07-22,BBRI,4074.052567305244,4090.6137566032335,4040.930188709267,4065.77197265625,140128300,0,3966.40478515625
2024-07-23,BBRI,4057.4913251076464,4065.7719196486814,3958.124190615214,3966.40478515625,170919500,0,3958.1240234375
2024-07-24,BBRI,3949.843429246208,3974.685211820084,3941.562835054917,3958.1240234375,116037600,0,3891.8798828125
2024-07-25,BBRI,3941.563455784575,3941.563455784575,3858.757500831117,3891.8798828125,274397700,0,3941.56298828125
2024-07-26,BBRI,3941.56298828125,3982.96596084723,3925.001799254858,3941.56298828125,192267300,0,3958.1240234375
2024-07-29,BBRI,3974.685211820084,3974.685211820084,3941.562835054917,3958.1240234375,126109900,0,3867.037353515625
2024-07-30,BBRI,3908.440323039347,3925.001510848836,3867.037353515625,3867.037353515625,201835700,0,3867.037353515625
2024-07-31,BBRI,3850.476165706136,3900.1597291346025,3850.476165706136,3867.037353515625,168490300,0,3933.2822265625
2024-08-01,BBRI,3900.159849917763,3933.2822265625,3883.598661595395,3933.2822265625,169636700,0,3900.159912109375
2024-08-02,BBRI,3916.721100695827,3933.2822892822783,3883.598723522923,3900.159912109375,113328400,0,3751.109130859375
2024-08-05,BBRI,3858.75685426152,3867.0374483693777,3734.54794264366,3751.109130859375,329430900,0,3809.0732421875
2024-08-06,BBRI,3767.670272163723,3850.4762122112775,3742.8284901494567,3809.0732421875,238051800,0,3825.634765625
2024-08-07,BBRI,3842.19595508658,3842.19595508658,3800.79298143263,3825.634765625,125937500,0,3858.75732421875
2024-08-08,BBRI,3809.073753520656,3883.5991095677978,3800.793158404305,3858.75732421875,131343400,0,3867.037353515625
2024-08-09,BBRI,3891.879135229858,3916.720916944091,3867.037353515625,3867.037353515625,98730900,0,3875.318359375
2024-08-12,BBRI,3908.440738514957,3908.440738514957,3850.476575020032,3875.318359375,83552800,0,3908.4404296875
2024-08-13,BBRI,3891.879241426112,3933.282212079581,3883.598647295418,3908.4404296875,109533400,0,3991.24658203125
2024-08-14,BBRI,3949.8436091886015,4007.807771168309,3941.563014620073,3991.24658203125,262716500,0,3999.52734375
2024-08-15,BBRI,4016.0885335791927,4032.649723408385,3966.404964091615,3999.52734375,214394900,0,3999.52734375
2024-08-16,BBRI,4016.0885335791927,4032.649723408385,3999.52734375,3999.52734375,149701700,0,3991.24658203125
2024-08-19,BBRI,3991.24658203125,3991.24658203125,3933.2824200515433,3991.24658203125,196203200,0,4098.89404296875
2024-08-20,BBRI,4024.3686967329545,4098.89404296875,4007.807508680556,4098.89404296875,310085500,0,4223.10302734375
2024-08-21,BBRI,4132.016491459865,4223.10302734375,4123.735897288602,4223.10302734375,390307000,0,4181.70068359375
2024-08-22,BBRI,4243.805149191677,4264.506637724319,4160.999195061108,4181.70068359375,474043100,0,4264.50634765625
2024-08-23,BBRI,4264.50634765625,4305.90932190534,4243.804860531705,4264.50634765625,217759300,0,4388.71533203125
2024-08-26,BBRI,4305.909382370283,4409.416819446492,4305.909382370283,4388.71533203125,361169800,0,4285.2080078125
2024-08-27,BBRI,4347.312471693841,4368.013959654288,4223.103543931159,4285.2080078125,271088700,0,4264.50634765625
2024-08-28,BBRI,4223.103373407161,4285.207834780796,4160.998912033526,4264.50634765625,277561700,0,4243.80419921875
2024-08-29,BBRI,4243.80419921875,4285.207167016006,4223.102715320122,4243.80419921875,160041900,0,4264.50634765625
2024-08-30,BBRI,4285.207834780796,4285.207834780796,4243.804860531705,4264.50634765625,275298000,0,4285.2080078125
2024-09-02,BBRI,4264.506519852053,4326.610983733393,4264.506519852053,4285.2080078125,136717200,0,4285.2080078125
2024-09-03,BBRI,4326.610983733393,4347.312471693841,4264.506519852053,4285.2080078125,166033900,0,4223.10302734375
2024-09-04,BBRI,4223.10302734375,4285.207483628216,4223.10302734375,4223.10302734375,141890400,0,4264.50634765625
2024-09-05,BBRI,4243.804860531705,4264.50634765625,4202.401886282615,4264.50634765625,166436800,0,4326.6103515625
2024-09-06,BBRI,4305.908866626794,4347.311836498206,4264.505896755382,4326.6103515625,170520700,0,4285.2080078125
2024-09-09,BBRI,4368.013959654288,4388.715447614734,4264.506519852053,4285.2080078125,201448700,0,4347.31201171875
2024-09-10,BBRI,4305.909040178572,4347.31201171875,4243.804582868303,4347.31201171875,202326400,0,4285.2080078125
2024-09-11,BBRI,4326.610983733393,4347.312471693841,4243.805031891607,4285.2080078125,165284900,0,4285.2080078125
2024-09-12,BBRI,4285.2080078125,4326.610983733393,4264.506519852053,4285.2080078125,138542100,0,4388.71533203125
2024-09-13,BBRI,4305.909382370283,4388.71533203125,4285.207894955041,4388.71533203125,259722600,0,4388.71533203125
2024-09-17,BBRI,4430.118306861734,4430.118306861734,4347.312357200766,4388.71533203125,201331600,0,4430.11767578125
2024-09-18,BBRI,4430.11767578125,4450.819160247517,4409.416191314982,4430.11767578125,186877300,0,4471.5205078125
2024-09-19,BBRI,4492.221991644966,4554.326443142361,4471.5205078125,4471.5205078125,332941100,0,4450.81982421875
2024-09-20,BBRI,4471.5213117732565,4512.924286882268,4450.81982421875,4450.81982421875,260437400,0,4554.3271484375
2024-09-23,BBRI,4430.118226207386,4554.3271484375,4430.118226207386,4554.3271484375,245292000,0,4575.0283203125
2024-09-24,BBRI,4595.729805924774,4616.431291537047,4575.0283203125,4575.0283203125,195415700,0,4409.41650390625
2024-09-25,BBRI,4471.520961707746,4492.222447641579,4305.909074237089,4409.41650390625,607065900,0,4181.70068359375
2024-09-26,BBRI,4264.506637724319,4305.909614789603,4160.999195061108,4181.70068359375,855266800,0,4223.10302734375
2024-09-27,BBRI,4181.700056487439,4264.505998200061,4140.297085631128,4223.10302734375,304694300,0,4098.89404296875
2024-09-30,BBRI,4181.699983230745,4181.699983230745,4098.89404296875,4098.89404296875,539169900,0,4202.40185546875
2024-10-01,BBRI,4115.4556101831895,4202.40185546875,4115.4556101831895,4202.40185546875,197069300,0,4090.61376953125
2024-10-02,BBRI,4140.297337582237,4202.40179764597,4057.491390830592,4090.61376953125,307487600,0,4074.052490234375
2024-10-03,BBRI,4057.491301249682,4107.17486820376,4024.368923280297,4074.052490234375,354814800,0,4024.369140625
2024-10-04,BBRI,4032.649735564557,4074.0527102623455,4016.088545685442,4024.369140625,289960700,0,3991.24658203125
2024-10-07,BBRI,4024.368960305369,4082.333122285075,3982.965987462721,3991.24658203125,308452200,0,4140.29736328125
2024-10-08,BBRI,3974.68546875,4181.700336914063,3941.5630898437503,4140.29736328125,527474400,0,4082.332763671875
2024-10-09,BBRI,4140.296920559711,4202.401374368107,4082.332763671876,4082.332763671875,309336600,0,4024.369140625
2024-10-10,BBRI,4074.0527102623455,4115.455684960134,4024.369140625,4024.369140625,226564700,0,4057.4912109375
2024-10-11,BBRI,4065.771805245536,4090.613588169643,4049.210616629464,4057.4912109375,104875300,0,4057.4912109375
2024-10-14,BBRI,4057.4912109375,4082.332993861608,4032.649428013393,4057.4912109375,125414400,0,4074.052490234375
2024-10-15,BBRI,4082.333084726721,4132.016651680799,4074.052490234375,4074.052490234375,142372200,0,4098.89404296875
2024-10-16,BBRI,4098.89404296875,4115.455231021149,4074.052260890152,4098.89404296875,118014300,0,4123.736328125
2024-10-17,BBRI,4107.175138052209,4181.700493379769,4090.613947979418,4123.736328125,188127700,0,4115.45556640625
2024-10-18,BBRI,4160.998837261853,4181.7003240144,4107.174971705232,4115.45556640625,157113000,0,4132.0166015625
2024-10-21,BBRI,4123.736007170592,4160.998681934181,4115.455412778682,4132.0166015625,110708200,0,4057.4912109375
2024-10-22,BBRI,4107.174776785714,4115.45537109375,4057.4912109375,4057.4912109375,199707500,0,4024.369140625
2024-10-23,BBRI,3999.527355806327,4049.2109254436727,3982.966165927212,4024.369140625,222147300,0,3991.24658203125
2024-10-24,BBRI,3991.24658203125,4057.491338579487,3982.965987462721,3991.24658203125,218162100,0,3949.843505859375
2024-10-25,BBRI,3991.246477618907,4024.368855026533,3949.843505859375,3949.843505859375,195647800,0,3941.56298828125
2024-10-28,BBRI,3949.843582794446,3974.685366334034,3900.160015715271,3941.56298828125,191211000,0,3891.8798828125
2024-10-29,BBRI,3916.7216692985376,3958.124646775266,3891.8798828125,3891.8798828125,203658600,0,3900.159912109375
2024-10-30,BBRI,3833.915157763568,3933.2822892822783,3833.915157763568,3900.159912109375,296314500,0,3974.685791015625
2024-10-31,BBRI,3900.160432434082,4032.649958801269,3900.160432434082,3974.685791015625,307110400,0,3891.8798828125
2024-11-01,BBRI,3949.84405127992,3991.247028756649,3891.8798828125,3891.8798828125,235656400,0,3908.4404296875
2024-11-04,BBRI,3900.1598355568062,3949.843400340969,3850.476270772643,3908.4404296875,209831500,0,3900.159912109375
2024-11-05,BBRI,3883.598723522923,3925.001694989052,3875.318129229697,3900.159912109375,199499300,0,3809.0732421875
2024-11-06,BBRI,3900.15977623981,3916.720964249321,3809.0732421875,3809.0732421875,249059500,0,3767.670654296875
2024-11-07,BBRI,3817.354223364526,3842.196007898352,3767.670654296875,3767.670654296875,296218600,0,3742.828857421875
2024-11-08,BBRI,3809.073615960316,3842.195995229536,3742.828857421875,3742.828857421875,198589900,0,3693.144775390625
2024-11-11,BBRI,3701.42536905742,3759.3895247249857,3618.619432389469,3693.144775390625,507192300,0,3726.267333984375
2024-11-12,BBRI,3668.303175455729,3742.828522135416,3668.303175455729,3726.267333984375,252380100,0,3792.51220703125
2024-11-13,BBRI,3701.425669307792,3817.3539900467385,3693.145074969296,3792.51220703125,209627200,0,3726.267333984375
2024-11-14,BBRI,3784.231492513021,3800.792680664062,3726.267333984375,3726.267333984375,159871800,0,3701.425537109375
2024-11-15,BBRI,3684.864349023874,3734.547913280376,3684.864349023874,3701.425537109375,106365600,0,3602.058837890625
2024-11-18,BBRI,3676.584193157328,3693.145383216595,3602.058837890625,3602.058837890625,253272300,0,3610.339111328125
2024-11-19,BBRI,3602.058517036088,3651.7420827883097,3602.058517036088,3610.339111328125,294838700,0,3585.49755859375
2024-11-20,BBRI,3643.461722358545,3676.584101652714,3585.49755859375,3585.49755859375,298734600,0,3519.25244140625
2024-11-21,BBRI,3544.094223345588,3577.2165992647056,3519.25244140625,3519.25244140625,376788400,0,3643.46142578125
2024-11-22,BBRI,3519.252513538708,3660.022614080256,3519.252513538708,3643.46142578125,280188100,0,3701.425537109375
2024-11-25,BBRI,3660.022566895624,3751.109101365877,3660.022566895624,3701.425537109375,401446400,0,3643.46142578125
2024-11-26,BBRI,3684.864396528764,3701.42558482777,3626.900237482245,3643.46142578125,266677500,0,3585.49755859375
2024-11-28,BBRI,3602.058748240834,3635.181127535003,3585.49755859375,3585.49755859375,277081800,0,3519.25244140625
2024-11-29,BBRI,3544.094223345588,3560.655411305147,3519.25244140625,3519.25244140625,412519800,0,3453.0078125
2024-12-02,BBRI,3535.813755245804,3544.094349520384,3444.72721822542,3453.0078125,337188900,0,3510.97216796875
2024-12-03,BBRI,3510.97216796875,3519.2527627045256,3486.130383761424,3510.97216796875,384146700,0,3602.058837890625
2024-12-04,BBRI,3510.972292564655,3618.620027949892,3494.411102505388,3602.058837890625,345762200,0,3527.533203125
2024-12-05,BBRI,3568.9361749926643,3593.7779581132627,3519.252608751467,3527.533203125,183249300,0,3568.936279296875
2024-12-06,BBRI,3519.2527116036467,3568.936279296875,3494.410927757033,3568.936279296875,151433000,0,3635.180908203125
2024-12-09,BBRI,3568.936153611724,3635.180908203125,3560.655559287799,3635.180908203125,158897200,0,3610.339111328125
2024-12-10,BBRI,3610.339111328125,3626.900299912199,3552.374951283866,3610.339111328125,196160900,0,3626.900390625
2024-12-11,BBRI,3593.7780126284247,3668.303363120719,3593.7780126284247,3626.900390625,203980300,0,3527.533203125
2024-12-12,BBRI,3593.7779581132627,3610.3391468603286,3527.533203125,3527.533203125,226698900,0,3453.0078125
2024-12-13,BBRI,3502.6913781474823,3544.094349520384,3453.0078125,3453.0078125,287838100,0,3519.25244140625
2024-12-16,BBRI,3436.446501608456,3544.094223345588,3436.446501608456,3519.25244140625,325441900,0,3436.44677734375
2024-12-17,BBRI,3519.252723785768,3552.3751023625755,3436.44677734375,3436.44677734375,327919000,0,3436.44677734375
2024-12-18,BBRI,3453.007966632153,3486.130345208961,3419.8855880553465,3436.44677734375,205055500,0,3386.76318359375
2024-12-19,BBRI,3386.76318359375,3403.3243727555773,3353.6408052700945,3386.76318359375,381986300,0,3361.921142578125
2024-12-20,BBRI,3370.2017365253614,3411.6047062615453,3353.640548630888,3361.921142578125,252689600,0,3486.13037109375
2024-12-23,BBRI,3419.8856134482635,3486.1303710937505,3403.324424036892,3486.13037109375,167689800,0,3477.849853515625
2024-12-24,BBRI,3494.4110432942707,3519.25282796224,3453.008068847656,3477.849853515625,199536100,0,3507.794189453125
2024-12-27,BBRI,3507.794189453125,3524.905380621189,3490.682998285061,3507.794189453125,143104400,0,3490.68310546875
